1.047437080492018335e+00,-2.456484458371294977e-01,0.000000000000000000e+00
4.200646910975505133e-01,1.683143154499463778e-01,1.000000000000000000e+00
2.234866208738489624e-01,-3.371891956189341233e-01,1.000000000000000000e+00
-2.543556336562927678e-01,4.978422622768116090e-01,1.000000000000000000e+00
5.542260087011761927e-02,-1.014568970378378898e+00,0.000000000000000000e+00
-6.445604590205632374e-03,-5.442786741463521150e-01,1.000000000000000000e+00
5.330301058426991645e-01,-3.260695723386543288e-02,1.000000000000000000e+00
3.953437470439075674e-01,-1.416077921798139516e-01,1.000000000000000000e+00
1.002433754035294999e+00,9.706669332238120063e-02,0.000000000000000000e+00
2.827306864681614074e-01,4.541646060899950932e-01,1.000000000000000000e+00
-5.947381963388708170e-01,-7.824059973797620193e-01,0.000000000000000000e+00
-5.650023041116506439e-01,-8.489131422648502623e-01,0.000000000000000000e+00
-4.908252078824163478e-01,1.648235849925114571e-01,1.000000000000000000e+00
3.203431603162170682e-01,-9.482891225189625795e-01,0.000000000000000000e+00
5.406836178299085915e-01,9.197691882256342488e-01,0.000000000000000000e+00
-1.257378525224172594e-01,3.911046798725138496e-01,1.000000000000000000e+00
-9.657820639371437199e-01,-4.586010661086758478e-01,0.000000000000000000e+00
6.811834347875821427e-01,7.000877120767180495e-01,0.000000000000000000e+00
4.563030936529113291e-01,-9.448583047604883767e-01,0.000000000000000000e+00
-6.179070537332373991e-01,7.610036461294111820e-01,0.000000000000000000e+00
-4.764177223095515390e-01,1.423276350460065676e-01,1.000000000000000000e+00
-4.471929144752466168e-01,1.503087887024842084e-01,1.000000000000000000e+00
4.515796145489811009e-01,-1.784504724942952703e-01,1.000000000000000000e+00
9.365751839809192125e-01,-4.326247748644598823e-01,0.000000000000000000e+00
-4.265903015968529610e-01,-4.389515519031050861e-01,1.000000000000000000e+00
7.809735919672025073e-01,-6.063844175999046904e-01,0.000000000000000000e+00
-1.309071441078702436e-01,-4.183658856244447111e-01,1.000000000000000000e+00
-5.817050573091004928e-01,1.004765251406883469e-01,1.000000000000000000e+00
3.817022374350178548e-01,3.852852820301199133e-01,1.000000000000000000e+00
-2.906180065966679216e-01,4.019929551816074920e-01,1.000000000000000000e+00
-3.116795540098975248e-02,4.924387907207043447e-01,1.000000000000000000e+00
2.221884740029083094e-01,3.833833277226914582e-01,1.000000000000000000e+00
9.321770530876178906e-01,1.163165158121416687e-01,0.000000000000000000e+00
-9.924120254737567315e-01,-5.919260268810814241e-01,0.000000000000000000e+00
-8.778539429049863063e-01,-1.948948353084376250e-01,0.000000000000000000e+00
1.004217235778692846e-01,1.045124954101402714e+00,0.000000000000000000e+00
-3.372994401873396497e-01,-2.608296994268188285e-01,1.000000000000000000e+00
2.368193035283132908e-01,5.486475154232927087e-01,1.000000000000000000e+00
-3.339990007528242932e-01,9.359716450773160057e-01,0.000000000000000000e+00
-3.592361560678918042e-02,5.094165872896689873e-01,1.000000000000000000e+00
5.394372679556334038e-01,-5.650737873704422820e-02,1.000000000000000000e+00
-5.211179323342117753e-01,-1.407508403899367655e-01,1.000000000000000000e+00
-6.755326705194172332e-01,7.049928993966109170e-01,0.000000000000000000e+00
6.519031349212981441e-01,-7.726127108510436603e-01,0.000000000000000000e+00
-2.425974674546141907e-01,9.750072004889701605e-01,0.000000000000000000e+00
5.659332129398595423e-01,-2.627610960779065349e-02,1.000000000000000000e+00
-1.226624177245875386e-01,-9.915982094741270236e-01,0.000000000000000000e+00
1.029894466315598861e-01,-5.063465481045638095e-01,1.000000000000000000e+00
8.219339504895735171e-01,-6.130171233632670802e-01,0.000000000000000000e+00
-7.724452438551627775e-01,-6.478123271463136490e-01,0.000000000000000000e+00
-8.971833987664727950e-01,-1.415789769861281744e-01,0.000000000000000000e+00
-2.489791712920459421e-01,-3.613610684430657027e-01,1.000000000000000000e+00
-4.669758639568225567e-01,1.891322780952632288e-01,1.000000000000000000e+00
-2.914704573202406834e-01,-9.306264035688467384e-01,0.000000000000000000e+00
-1.028465518556170855e+00,-7.417365478076812235e-02,0.000000000000000000e+00
-1.603586197022996984e-01,5.221793518544157742e-01,1.000000000000000000e+00
-9.606271551436840195e-01,-1.988239455753365303e-01,0.000000000000000000e+00
-6.373484976411794012e-01,7.700502279722000187e-01,0.000000000000000000e+00
6.630203871165166185e-02,1.067294274189143799e+00,0.000000000000000000e+00
6.420761260849274787e-01,9.115537311072053894e-01,0.000000000000000000e+00
-4.656407478699351454e-01,-8.182439500886491413e-01,0.000000000000000000e+00
1.034000159645469097e+00,-7.687536970301445116e-02,0.000000000000000000e+00
-9.288001420138408681e-01,-2.915794293573423790e-01,0.000000000000000000e+00
1.839239569976133248e-01,-4.175043041755481243e-01,1.000000000000000000e+00
3.178886188153845493e-02,-4.134160611195706880e-01,1.000000000000000000e+00
-1.410320820585936885e-01,-9.739712758601203335e-01,0.000000000000000000e+00
9.092739040773732961e-01,3.177491504146312540e-01,0.000000000000000000e+00
9.152625581322354487e-01,3.311727283261070021e-01,0.000000000000000000e+00
-1.935492976788343034e-01,9.961700378366551423e-01,0.000000000000000000e+00
-3.958307548183419011e-01,-2.400020381708993511e-01,1.000000000000000000e+00
-4.229229737206577910e-01,2.099184486281037432e-01,1.000000000000000000e+00
-5.153427454631798188e-01,7.805692096622263154e-01,0.000000000000000000e+00
-3.735040156069192596e-01,4.191059411511635635e-01,1.000000000000000000e+00
3.701307186829391194e-01,3.244304526172062109e-01,1.000000000000000000e+00
-8.685683505654215320e-02,-5.033933069022230589e-01,1.000000000000000000e+00
-1.084254896983649630e-02,-5.381263940694276382e-01,1.000000000000000000e+00
3.773370096671153640e-01,-1.770641098898986243e-01,1.000000000000000000e+00
-3.080492216060792265e-01,-3.950657530276717178e-01,1.000000000000000000e+00
-5.029834311420602333e-01,1.086490527079324586e-01,1.000000000000000000e+00
1.091224231476888740e+00,1.645780073432634785e-02,0.000000000000000000e+00
7.684375717490727897e-01,-7.021879820822053420e-01,0.000000000000000000e+00
3.273354889565155412e-01,-3.820679774019667407e-01,1.000000000000000000e+00
-2.062685142740711408e-01,5.033550966125575066e-01,1.000000000000000000e+00
-1.060044381733035723e-01,-5.614214878491465832e-01,1.000000000000000000e+00
2.792501139143496180e-01,4.113552277772204446e-01,1.000000000000000000e+00
-3.725788527395496597e-01,-3.265504828154323635e-01,1.000000000000000000e+00
3.382955041976648536e-01,3.167891513810105475e-01,1.000000000000000000e+00
-1.446956588269042443e-01,-5.155114161604417156e-01,1.000000000000000000e+00
4.694548253665376536e-01,2.442575819076413801e-01,1.000000000000000000e+00
5.677378930969523285e-01,8.394186617766120628e-01,0.000000000000000000e+00
1.061749034217285559e-01,5.047981165651773683e-01,1.000000000000000000e+00
-6.372041120289386740e-01,-7.625189639526922525e-01,0.000000000000000000e+00
-2.117551442402952899e-01,9.919955019262992613e-01,0.000000000000000000e+00
-1.047010025290475745e-02,-9.929218806872588399e-01,0.000000000000000000e+00
2.274248357410146859e-02,-3.945741446684635223e-01,1.000000000000000000e+00
3.415862993657085567e-01,4.169941573408661450e-01,1.000000000000000000e+00
1.243841659340077371e-01,5.010162520710965683e-01,1.000000000000000000e+00
-6.785937042531565710e-01,7.932555196722174129e-01,0.000000000000000000e+00
3.138227539160771129e-01,4.462409182581311695e-01,1.000000000000000000e+00
-4.765855864293817024e-01,2.295754449414161291e-01,1.000000000000000000e+00
-5.063498130820320853e-02,-1.065083130817300994e+00,0.000000000000000000e+00
4.282322561927219273e-01,-2.254813226757153288e-01,1.000000000000000000e+00
-4.016139927617541905e-01,1.720804988420122916e-03,1.000000000000000000e+00
2.621450251204277548e-01,-4.252875108731189457e-01,1.000000000000000000e+00
-4.338747468759006631e-01,2.380471139762965066e-02,1.000000000000000000e+00
-4.577552060154956859e-01,9.657112801591850870e-03,1.000000000000000000e+00
2.639091875310621282e-01,-5.029970855851422229e-01,1.000000000000000000e+00
-7.031676642640005692e-01,-8.164912819088399054e-02,1.000000000000000000e+00
-3.536231307097080223e-01,-9.440280506560234652e-01,0.000000000000000000e+00
-2.701599954813108662e-01,-9.214238253983960680e-01,0.000000000000000000e+00
-1.975180774719534904e-01,9.871089722396912958e-01,0.000000000000000000e+00
-6.615818249101500514e-01,-7.893496169032508947e-01,0.000000000000000000e+00
-1.506557822009397529e-01,5.075885569830337340e-01,1.000000000000000000e+00
4.803795531125195639e-01,3.334159398208998426e-01,1.000000000000000000e+00
9.085240756077090918e-01,-4.657388161435807583e-01,0.000000000000000000e+00
-4.799233421739886873e-01,-6.088726712576464362e-02,1.000000000000000000e+00
-9.145423083852288748e-01,2.286250609148752777e-01,0.000000000000000000e+00
1.477888928731395102e-01,4.470156445170062054e-01,1.000000000000000000e+00
-8.440916530838196152e-01,5.093137101589360061e-01,0.000000000000000000e+00
3.687237341060595197e-01,-3.892297211163883719e-01,1.000000000000000000e+00
-5.887512787185558150e-01,1.004869581597347267e-01,1.000000000000000000e+00
-5.952727399244270856e-01,-7.396353010175142906e-01,0.000000000000000000e+00
-9.600855500837325307e-01,1.472188443113408296e-01,0.000000000000000000e+00
2.536234247847362067e-01,-3.553218626792171708e-01,1.000000000000000000e+00
-9.440959491936248282e-01,-4.185926176823174250e-01,0.000000000000000000e+00
-3.452881729909336728e-01,-9.764994164579763325e-01,0.000000000000000000e+00
8.520321562329603582e-01,5.090598273417080710e-01,0.000000000000000000e+00
4.173999444544052584e-01,2.676424119705724247e-01,1.000000000000000000e+00
-4.247085501313739853e-01,5.042128179354606055e-02,1.000000000000000000e+00
9.288493538916176018e-02,-1.016281577411307424e+00,0.000000000000000000e+00
1.014709188280102703e+00,-2.191674015789052687e-01,0.000000000000000000e+00
1.325859266904968470e-01,4.739193405131499892e-01,1.000000000000000000e+00
4.200427963463627679e-01,-5.302509424586358822e-02,1.000000000000000000e+00
1.115604124887076692e-01,5.104466263168682127e-01,1.000000000000000000e+00
-4.617624144776745210e-01,-1.276522406532414056e-03,1.000000000000000000e+00
5.182723135518367830e-01,9.896259580004980461e-02,1.000000000000000000e+00
1.629861527035334628e-02,-1.069137194704957494e+00,0.000000000000000000e+00
-3.284968246736673092e-01,-8.905615691844100956e-01,0.000000000000000000e+00
3.057927805919537501e-01,-5.039232831295855641e-01,1.000000000000000000e+00
-8.530778232000473249e-01,-3.254025607985407409e-01,0.000000000000000000e+00
-5.915643203973448561e-01,-8.637794724868588236e-01,0.000000000000000000e+00
-7.836394072662843380e-01,-7.027622432249566176e-01,0.000000000000000000e+00
9.402647895633898800e-01,-2.876850707618723579e-02,0.000000000000000000e+00
-3.990507503424309266e-01,2.889921167348543096e-01,1.000000000000000000e+00
-2.271049985723769538e-01,-9.570228785376737601e-01,0.000000000000000000e+00
-2.944190499243702908e-01,-4.292851926143029240e-01,1.000000000000000000e+00
-3.798188286850190387e-01,-2.965304777691889493e-01,1.000000000000000000e+00
-5.430084820007832214e-01,-1.936173293002634715e-02,1.000000000000000000e+00
-9.579452883920692718e-01,3.575852873655067654e-01,0.000000000000000000e+00
-4.149941342393499433e-01,9.628099581246802874e-01,0.000000000000000000e+00
5.871304492494466842e-01,8.857863945248860560e-01,0.000000000000000000e+00
9.499046333558113231e-01,2.718702943878952838e-01,0.000000000000000000e+00
2.669011909334855770e-01,8.643823601852643757e-01,0.000000000000000000e+00
-1.646604134115318141e-01,4.722491019547089830e-01,1.000000000000000000e+00
-3.174375887982633371e-02,-9.800047245957901332e-01,0.000000000000000000e+00
8.916523124258262101e-01,-4.898875305351415022e-01,0.000000000000000000e+00
-1.394535981739638761e-02,-1.111948081771764407e+00,0.000000000000000000e+00
4.878623101466335599e-01,-7.541324534285534509e-02,1.000000000000000000e+00
4.575907666061473367e-01,-9.971920345183510337e-02,1.000000000000000000e+00
9.632192001804645853e-01,-3.840323550406957165e-01,0.000000000000000000e+00
4.947407020651892751e-01,8.281255602483931222e-01,0.000000000000000000e+00
-3.701689244477622820e-01,3.753183444915361155e-01,1.000000000000000000e+00
-3.285008853060315120e-02,9.384719504012957181e-01,0.000000000000000000e+00
-5.485473950783686936e-02,4.731967580261707274e-01,1.000000000000000000e+00
-3.578543482961233368e-01,-3.489957976180060872e-01,1.000000000000000000e+00
5.946234228353044493e-01,-7.869833467782824110e-01,0.000000000000000000e+00
-5.775454764620171488e-01,-8.237193203290625876e-01,0.000000000000000000e+00
7.527412254542813486e-01,-5.130256534804626956e-01,0.000000000000000000e+00
3.852516061913303647e-01,1.751814531502017824e-01,1.000000000000000000e+00
-3.392081166922324420e-01,9.510882516570255962e-01,0.000000000000000000e+00
-8.808284419187845105e-01,-2.468840165086013672e-01,0.000000000000000000e+00
-7.393939431279890062e-01,-6.506456513541596376e-01,0.000000000000000000e+00
-6.331017618448768758e-01,-7.250266754469937291e-01,0.000000000000000000e+00
9.208193721460161685e-01,-5.707537782957129435e-01,0.000000000000000000e+00
-9.612675350266823848e-01,2.894696818837901309e-01,0.000000000000000000e+00
-5.963361583616060280e-01,8.978648774401092325e-01,0.000000000000000000e+00
7.844096173329569988e-01,-5.031703405047246447e-01,0.000000000000000000e+00
-1.001231422051547471e+00,1.924661104574485748e-01,0.000000000000000000e+00
-5.317875077730408462e-01,-8.872193620758694887e-02,1.000000000000000000e+00
-2.567586281313463115e-01,4.875389060449429879e-01,1.000000000000000000e+00
-9.273450373641158873e-01,3.501085112782473252e-01,0.000000000000000000e+00
1.381989094561921483e-01,4.372693317024907711e-01,1.000000000000000000e+00
-4.808007500924607602e-01,-1.116789919674523734e-01,1.000000000000000000e+00
5.850812530747169227e-01,8.301268344155243728e-01,0.000000000000000000e+00
1.458543986220772193e-01,-5.081367591371663828e-01,1.000000000000000000e+00
-3.221156636268254769e-01,-4.017046573768980888e-01,1.000000000000000000e+00
-1.047011614924316381e-01,5.354335506145667667e-01,1.000000000000000000e+00
3.850738758800987260e-01,-2.536628397977742644e-01,1.000000000000000000e+00
-4.030991787464278664e-01,-3.172527851805889698e-01,1.000000000000000000e+00
3.953753709821399842e-01,2.756619955654270870e-01,1.000000000000000000e+00
6.329022390445966373e-01,8.898457060639514138e-01,0.000000000000000000e+00
4.012854621746010375e-01,-2.130254444187303364e-01,1.000000000000000000e+00
-8.016067303888506357e-02,-5.824529691356550298e-01,1.000000000000000000e+00
-4.388551502124286019e-01,8.839302789410371508e-01,0.000000000000000000e+00
1.019705656343535161e+00,-2.194705002090717727e-01,0.000000000000000000e+00
5.647557899840619511e-01,1.348520133585719427e-01,1.000000000000000000e+00
1.373387334223100109e-01,-9.872945441615478268e-01,0.000000000000000000e+00
9.747773852602612532e-01,3.146925536510674082e-01,0.000000000000000000e+00
-9.740309989147270808e-02,-9.538578001601180079e-01,0.000000000000000000e+00
1.014032809287110232e-01,4.623666826234762994e-01,1.000000000000000000e+00
3.328119875701626151e-01,-1.036026203173580740e+00,0.000000000000000000e+00
-8.488083477027030810e-01,-5.969341070628629842e-01,0.000000000000000000e+00
-4.699919820598838505e-01,1.642565723969546254e-01,1.000000000000000000e+00
-9.606792531704535509e-01,3.146998192921469095e-01,0.000000000000000000e+00
-2.779340113203758178e-01,9.745766462330597291e-01,0.000000000000000000e+00
-3.894213102022875406e-01,-2.693182148495227302e-01,1.000000000000000000e+00
9.644629901663189786e-01,-4.320889686204985591e-01,0.000000000000000000e+00
-6.641844140548990305e-01,-7.363495624632565573e-01,0.000000000000000000e+00
-2.102918663707680769e-01,4.016692257096917684e-01,1.000000000000000000e+00
-4.605530560224895820e-01,-1.563012371200243611e-01,1.000000000000000000e+00
-1.020688323943381270e+00,-1.427762429273510270e-01,0.000000000000000000e+00
3.850780230179654540e-01,-2.309622985775859963e-02,1.000000000000000000e+00
-2.414728630035289370e-01,-4.407802045621088682e-01,1.000000000000000000e+00
1.768792598663269378e-01,-9.825087653306577851e-01,0.000000000000000000e+00
-2.842708946421077520e-01,-5.140766126792484236e-01,1.000000000000000000e+00
4.842431653481115150e-01,-2.403442063487939429e-01,1.000000000000000000e+00
-1.880732532424524983e-01,9.866844242171807222e-01,0.000000000000000000e+00
-9.810854483822719629e-01,-1.688042002903797356e-01,0.000000000000000000e+00
-3.173672970850324737e-01,2.910779974404263393e-01,1.000000000000000000e+00
-8.059413219057964817e-01,5.717128714442054616e-01,0.000000000000000000e+00
2.879051340625916611e-01,-4.316888200436058698e-01,1.000000000000000000e+00
4.452975855827076002e-01,-1.391191560052996712e-01,1.000000000000000000e+00
1.166292358669854534e-01,-5.435805774757286324e-01,1.000000000000000000e+00
-7.887939047465115650e-01,4.745871509656195419e-01,0.000000000000000000e+00
8.143468318134842177e-01,5.882712037008583916e-01,0.000000000000000000e+00
-3.816352848863249769e-02,4.877339389181929996e-01,1.000000000000000000e+00
4.157695655044405525e-01,9.411571673799791204e-01,0.000000000000000000e+00
5.173143923469025740e-01,-5.232147340201378366e-02,1.000000000000000000e+00
2.567968762027773577e-01,-9.396920199837132115e-01,0.000000000000000000e+00
-8.558411029509638279e-01,1.780568094451340788e-01,0.000000000000000000e+00
-2.794732501979845241e-01,2.868840500186922160e-01,1.000000000000000000e+00
6.215881910273790556e-01,7.357532753077101750e-01,0.000000000000000000e+00
-6.635820905763991640e-01,-5.533055891924268943e-01,0.000000000000000000e+00
2.864259444587421433e-01,3.570219195784043453e-01,1.000000000000000000e+00
3.383005004436721030e-01,3.561261598058781397e-01,1.000000000000000000e+00
-4.171674594805888092e-01,2.311514840321442776e-01,1.000000000000000000e+00
-1.072519434464026533e-01,3.850427398521759637e-01,1.000000000000000000e+00
3.432211420120097056e-01,9.324879468337197164e-01,0.000000000000000000e+00
-2.309967303664342553e-02,-4.543531370861644270e-01,1.000000000000000000e+00
-4.056158588107306451e-01,-1.242639288894615279e-01,1.000000000000000000e+00
-1.389614378430273356e-01,-1.087653567300665092e+00,0.000000000000000000e+00
-4.083931601161474439e-02,1.009148934107773288e+00,0.000000000000000000e+00
2.235037452149268855e-01,-3.756323261127637037e-01,1.000000000000000000e+00
-3.477576820607574670e-01,-2.575822186274134840e-01,1.000000000000000000e+00
-3.900897690505692461e-01,-2.127295816942857964e-01,1.000000000000000000e+00
3.585953049399107639e-01,-3.305939610910231807e-01,1.000000000000000000e+00
4.649957830193939823e-01,3.400601706554175485e-01,1.000000000000000000e+00
6.090323769428959144e-01,-7.705225273819550358e-01,0.000000000000000000e+00
-1.986087661974227925e-01,-4.823197574870252136e-01,1.000000000000000000e+00
-1.720232333708500427e-01,9.411949934935207596e-01,0.000000000000000000e+00
-5.472915774779611719e-02,1.110823210934773320e+00,0.000000000000000000e+00
-3.821295209368409385e-01,-3.778521437255373261e-01,1.000000000000000000e+00
-1.790366887133773843e-01,-4.337366598610007951e-01,1.000000000000000000e+00
-9.686106835791916669e-01,-2.973222021808507032e-01,0.000000000000000000e+00
-9.264874710304317196e-01,1.785149698969824006e-01,0.000000000000000000e+00
4.029363318474468714e-01,-9.705115485998960789e-01,0.000000000000000000e+00
9.307047920929953921e-01,2.550804641281800289e-01,0.000000000000000000e+00
7.848945705522070160e-01,-5.609762694255052695e-01,0.000000000000000000e+00
8.275945055310237608e-01,6.002639056239160720e-01,0.000000000000000000e+00
-4.322940555717770250e-01,-3.208006362727227612e-01,1.000000000000000000e+00
-1.013578158550564545e+00,-1.081049865468273474e-01,0.000000000000000000e+00
2.819241785052630234e-01,5.344085443568824534e-01,1.000000000000000000e+00
-5.595889705372542045e-01,-1.518991797007010480e-01,1.000000000000000000e+00
-7.169993027251516660e-01,-7.545314783674215153e-01,0.000000000000000000e+00
4.818204662484020240e-01,-7.999264097143368168e-01,0.000000000000000000e+00
8.237398369828384803e-01,6.116211709823815568e-01,0.000000000000000000e+00
5.670260265926428955e-01,5.751735961398560248e-02,1.000000000000000000e+00
-1.518342096279970688e-01,5.659147221179126053e-01,1.000000000000000000e+00
3.990400097843886940e-01,-2.705460811435546620e-01,1.000000000000000000e+00
1.039725493029624914e+00,-2.155287221966504241e-01,0.000000000000000000e+00
9.633749048288038352e-01,6.939073417009510025e-02,0.000000000000000000e+00
-9.794057827379549774e-01,-3.328442792437228404e-01,0.000000000000000000e+00
-1.028506839209231583e+00,-3.091331562414626269e-02,0.000000000000000000e+00
4.114578731317982130e-01,2.782129068990192300e-01,1.000000000000000000e+00
9.141802704598741558e-01,4.166069174349930071e-01,0.000000000000000000e+00
-4.153045645766767491e-01,-4.725841553691299129e-02,1.000000000000000000e+00
-4.281243827753914988e-01,-3.363724619143824701e-01,1.000000000000000000e+00
2.570861997369970897e-01,-2.852062658978762877e-01,1.000000000000000000e+00
1.237260990603158556e-01,-4.514624527494975892e-01,1.000000000000000000e+00
-7.815103549325248533e-01,-6.031564826951828495e-01,0.000000000000000000e+00
-1.140872221070033943e+00,-1.118237213494673588e-01,0.000000000000000000e+00
-4.661825514444721263e-01,4.510471193725176797e-02,1.000000000000000000e+00
9.606371843787774312e-01,4.725965439941033353e-01,0.000000000000000000e+00
3.166308501659932384e-01,2.649422747466084194e-01,1.000000000000000000e+00
5.383690874815517668e-01,-1.407772147003699958e-01,1.000000000000000000e+00
-8.607920437065035013e-02,-4.917635645093355046e-01,1.000000000000000000e+00
-1.008355979413739362e-01,-4.739912463432926493e-01,1.000000000000000000e+00
1.057633789054629014e+00,1.511282149941940989e-01,0.000000000000000000e+00
8.411580630729580399e-01,2.055800785555632337e-01,0.000000000000000000e+00
-3.839643732660945608e-01,-1.642036039245309276e-01,1.000000000000000000e+00
7.586664599517312091e-02,4.583723262369856499e-01,1.000000000000000000e+00
3.293968863677003422e-02,4.430835364605368865e-01,1.000000000000000000e+00
3.335871785644899390e-01,-4.712934467664265381e-01,1.000000000000000000e+00
-1.972021681670413917e-01,-1.011788863032899277e+00,0.000000000000000000e+00
1.562666658641935491e-01,-4.492512966622865811e-01,1.000000000000000000e+00
-6.868880036909124076e-01,-7.414777782377716120e-01,0.000000000000000000e+00
-2.976117044804358347e-01,2.760664349533685225e-01,1.000000000000000000e+00
-2.275362208794916574e-01,-5.632691671382852316e-01,1.000000000000000000e+00
4.176320612035224755e-01,-3.093147362528299027e-01,1.000000000000000000e+00
2.934911638459782313e-01,-9.734373172001838936e-01,0.000000000000000000e+00
3.883384100189463672e-01,-8.944417812554082969e-01,0.000000000000000000e+00
-3.464704509596631954e-02,4.997847793197036648e-01,1.000000000000000000e+00
-8.308511791686267189e-01,3.878376980181734157e-01,0.000000000000000000e+00
1.017784463755941199e-01,1.026347696037901436e+00,0.000000000000000000e+00
4.131161255245789365e-01,1.287858185953756340e-01,1.000000000000000000e+00
3.163428586142280063e-01,8.824467794555664879e-01,0.000000000000000000e+00
-1.146763745583545824e-01,4.900034314479461139e-01,1.000000000000000000e+00
7.652692143886158371e-01,-5.447904918376885730e-01,0.000000000000000000e+00
6.314607233913260842e-01,6.313017300427979928e-01,0.000000000000000000e+00
-3.031517079068135612e-01,4.025130581552847642e-01,1.000000000000000000e+00
-6.130185198008716307e-01,-8.551905424833892155e-01,0.000000000000000000e+00
9.777989313845678598e-01,-3.700042351670186913e-01,0.000000000000000000e+00
-2.389556030212793281e-01,-4.344156269885621202e-01,1.000000000000000000e+00
-7.784001499933824730e-01,-5.942342704315444202e-01,0.000000000000000000e+00
-1.967856443075759465e-01,4.284383803118465561e-01,1.000000000000000000e+00
4.773604397496524210e-01,-3.270461973700605207e-01,1.000000000000000000e+00
-2.603996772430260953e-01,-5.430913453921955014e-01,1.000000000000000000e+00
8.608075688473082465e-02,-9.713663052983750879e-01,0.000000000000000000e+00
4.942800679032591793e-01,3.567156140131981235e-01,1.000000000000000000e+00
4.962503616439970650e-02,-4.683881607518245449e-01,1.000000000000000000e+00
-5.235067872966930880e-05,5.235929801657509541e-01,1.000000000000000000e+00
-4.230888706885865824e-01,3.417423092078065161e-01,1.000000000000000000e+00
-2.836127650576814596e-01,-4.334110253317255967e-01,1.000000000000000000e+00
1.329296372030799867e-01,4.516976798787922243e-01,1.000000000000000000e+00
4.824087194516572530e-01,-8.984872032289403787e-01,0.000000000000000000e+00
-1.039352508906482120e+00,-6.216289315905313036e-03,0.000000000000000000e+00
2.319105142887252502e-01,4.509701707964397510e-01,1.000000000000000000e+00
4.701652459974154930e-01,-1.928576999395097691e-01,1.000000000000000000e+00
-7.403856184762608317e-02,9.639458901504659449e-01,0.000000000000000000e+00
-5.044693887263007603e-01,-1.667801537471317458e-02,1.000000000000000000e+00
8.718342008281130262e-01,6.006243466694558553e-01,0.000000000000000000e+00
1.913614039077250473e-01,9.455552411290519821e-01,0.000000000000000000e+00
-4.146853238451798651e-01,-9.148796202997828697e-01,0.000000000000000000e+00
1.640824081054891304e-01,-4.922336924333157171e-01,1.000000000000000000e+00
-5.069129282008586479e-01,-2.283778493508825669e-01,1.000000000000000000e+00
-1.112923844475137425e-02,-1.048632187723924192e+00,0.000000000000000000e+00
-8.803696163025667154e-01,-6.192815744483672891e-01,0.000000000000000000e+00
4.882930706791411279e-01,9.736031692555065231e-02,1.000000000000000000e+00
3.652879155304738501e-01,8.755226195437915138e-01,0.000000000000000000e+00
-8.414252866418406307e-02,1.108786250274687690e+00,0.000000000000000000e+00
-1.806242787481075196e-01,-4.581611685863333783e-01,1.000000000000000000e+00
-3.044095101926162505e-01,4.472200623009201514e-01,1.000000000000000000e+00
7.413745867284394775e-01,6.044763774500471198e-01,0.000000000000000000e+00
8.791965961577312694e-01,5.418333115909965692e-01,0.000000000000000000e+00
5.610458795766002371e-01,8.506893231621661666e-01,0.000000000000000000e+00
-5.599130925795759994e-01,-8.456524986184071890e-01,0.000000000000000000e+00
6.474590483661750717e-01,-7.318790431646372552e-01,0.000000000000000000e+00
-5.680383151066318304e-01,-3.601577471518139367e-02,1.000000000000000000e+00
-2.410178088423017562e-01,-4.398210667910557592e-01,1.000000000000000000e+00
-8.268214154596534859e-01,-6.773904387777823777e-01,0.000000000000000000e+00
-1.219197092423649070e-01,5.424499102512634341e-01,1.000000000000000000e+00
-3.901400647621416917e-01,3.370238625049875036e-01,1.000000000000000000e+00
-1.008037777666414669e+00,-4.373647231840631089e-01,0.000000000000000000e+00
-9.544571868410589577e-01,-5.087350271921009526e-01,0.000000000000000000e+00
-7.442619461475918907e-01,6.241723182102084655e-01,0.000000000000000000e+00
2.813931451511293425e-01,-8.945099712100184064e-01,0.000000000000000000e+00
1.161929018359997984e-01,3.855712410653305278e-01,1.000000000000000000e+00
1.554109603578315846e-01,-3.983280948310646830e-01,1.000000000000000000e+00
3.094823358485191411e-01,-4.117533000353872374e-01,1.000000000000000000e+00
-4.360779029319961642e-01,-2.412374400588030154e-01,1.000000000000000000e+00
5.339636763869325398e-01,-9.760797434921260063e-01,0.000000000000000000e+00
-2.491667571868618758e-01,-9.433863445407176807e-01,0.000000000000000000e+00
3.464607553593301859e-01,9.962914870231605047e-01,0.000000000000000000e+00
6.413325810759942236e-01,-8.710231148695894987e-01,0.000000000000000000e+00
-4.866110331843261361e-01,-8.180679620522317286e-04,1.000000000000000000e+00
-2.603738074589960483e-02,-1.000498673576285080e+00,0.000000000000000000e+00
-3.578776146675728964e-01,-8.872010453590952750e-01,0.000000000000000000e+00
3.808156840872308213e-01,4.111552773258122379e-02,1.000000000000000000e+00
-4.240140221128513853e-01,-2.361066085433159711e-01,1.000000000000000000e+00
7.242874722732128845e-01,6.553285066380873936e-01,0.000000000000000000e+00
-1.903929139518049374e-01,4.777242374821962789e-01,1.000000000000000000e+00
-2.361962137857215038e-01,-3.391982860899040997e-01,1.000000000000000000e+00
-4.404506593385987268e-01,-7.398798021157473870e-02,1.000000000000000000e+00
-7.967169332933780046e-01,4.268288473697723351e-01,0.000000000000000000e+00
-5.137419113997896414e-01,-4.419370940734619613e-02,1.000000000000000000e+00
4.724656190859389260e-01,-9.109001886221095301e-01,0.000000000000000000e+00
8.422883942872105845e-01,-3.123140574625709598e-01,0.000000000000000000e+00
-2.192144425165636762e-02,-1.000354685129868137e+00,0.000000000000000000e+00
-9.714508094908342883e-01,-3.627202233309148038e-01,0.000000000000000000e+00
-1.025377447681816712e+00,-1.358508731213811105e-01,0.000000000000000000e+00
-3.329291888146260203e-01,4.559658537716806403e-01,1.000000000000000000e+00
-1.364715810977738530e-01,-4.523974677569419511e-01,1.000000000000000000e+00
-4.595399052622434199e-01,9.288683975584705044e-01,0.000000000000000000e+00
4.595469051355879908e-01,1.653254371580694659e-01,1.000000000000000000e+00
-5.154106445768650291e-01,-7.424583378005327194e-01,0.000000000000000000e+00
-3.574400698819859001e-01,-3.340485755791669509e-01,1.000000000000000000e+00
4.061206255975642332e-01,5.706394256639996110e-02,1.000000000000000000e+00
9.179408719154218410e-01,-4.235033812737096781e-01,0.000000000000000000e+00
-2.628707885317589643e-02,-5.070081780228833379e-01,1.000000000000000000e+00
5.184492646421934303e-01,-5.459380676940397276e-02,1.000000000000000000e+00
6.946829436744400565e-02,-8.999599016585140276e-01,0.000000000000000000e+00
-3.770891482409104434e-01,8.847188815712497822e-01,0.000000000000000000e+00
-1.019255483462385037e+00,-2.334573553903062648e-01,0.000000000000000000e+00
-5.044993451566464060e-01,7.644225488093164822e-02,1.000000000000000000e+00
-8.210213818565739174e-01,6.053475595162537415e-01,0.000000000000000000e+00
6.430602052956427284e-02,4.612356781137902373e-01,1.000000000000000000e+00
7.877352410275455519e-01,-8.389155659946456733e-01,0.000000000000000000e+00
2.399182285355876132e-01,-4.692759724955704037e-01,1.000000000000000000e+00
2.002546425575691957e-01,-5.182307012232487686e-01,1.000000000000000000e+00
3.737476948842270441e-01,3.268645127763196157e-01,1.000000000000000000e+00
-4.682336121148855668e-01,8.344424754408019673e-01,0.000000000000000000e+00
1.057897918871308907e-01,4.893634533332892333e-01,1.000000000000000000e+00
5.119378755804497860e-01,-2.103001669297743792e-01,1.000000000000000000e+00
9.617376529948717945e-01,-5.121736425005170984e-02,0.000000000000000000e+00
2.847084866362434297e-01,3.673624967042792289e-01,1.000000000000000000e+00
4.304831526624790516e-01,-1.340538316065992830e-01,1.000000000000000000e+00
5.290684587640270831e-01,1.629512627563469984e-01,1.000000000000000000e+00
-6.559386418250064965e-01,7.198882944988594934e-01,0.000000000000000000e+00
-5.878794616796005901e-01,-7.418720399586252734e-01,0.000000000000000000e+00
-5.254696800048846983e-01,-5.454675063655801959e-02,1.000000000000000000e+00
9.600295643032193960e-01,-1.883787667737931715e-01,0.000000000000000000e+00
-6.372971095958870902e-02,5.271322454824263204e-01,1.000000000000000000e+00
9.114920569591936639e-01,2.734519950039768221e-01,0.000000000000000000e+00
3.311609499388930983e-02,-5.068008494253872787e-01,1.000000000000000000e+00
3.113386405897277109e-01,-9.554707216815404580e-01,0.000000000000000000e+00
1.007011496381771565e+00,2.389314838322570966e-01,0.000000000000000000e+00
8.562035628004714960e-01,4.399393269015253738e-01,0.000000000000000000e+00
-7.322160599217105714e-01,-7.240196126054559977e-01,0.000000000000000000e+00
3.863397214464074358e-01,2.735337030938041480e-01,1.000000000000000000e+00
-8.911293455959240495e-02,-9.822877372325385936e-01,0.000000000000000000e+00
5.336270681676049676e-01,-1.349158480775906610e-01,1.000000000000000000e+00
-2.597852326089818142e-02,5.022414266274193295e-01,1.000000000000000000e+00
5.356265736109190323e-01,1.482891221683309280e-02,1.000000000000000000e+00
-2.122838832763668249e-01,-4.750345414139051092e-01,1.000000000000000000e+00
3.928976397652964581e-01,-2.913829478206326762e-01,1.000000000000000000e+00
-2.582550751240711984e-01,9.662562636936000704e-01,0.000000000000000000e+00
-2.542761187890574814e-01,4.132619985596223122e-01,1.000000000000000000e+00
-4.226599926394081219e-01,5.417602238137379095e-02,1.000000000000000000e+00
8.473688752171100180e-01,4.424010265160859823e-01,0.000000000000000000e+00
3.493809307416538834e-01,-4.510369133441159972e-01,1.000000000000000000e+00
4.011690700904472218e-01,2.147783487561621130e-01,1.000000000000000000e+00
9.711610710811449110e-01,2.180598294631482525e-01,0.000000000000000000e+00
-7.898444056665488988e-01,6.316570610528287055e-01,0.000000000000000000e+00
-2.373025639250055385e-01,-4.468391368068045377e-01,1.000000000000000000e+00
-3.420248897414397415e-01,3.575607042093450483e-01,1.000000000000000000e+00
9.371558400656837540e-01,-4.957381898873111092e-01,0.000000000000000000e+00
-2.412466760147631561e-01,9.158348480723831342e-01,0.000000000000000000e+00
-8.991692841927556579e-01,-1.583525734348975866e-01,0.000000000000000000e+00
-1.918223114099899262e-01,9.604432311395949551e-01,0.000000000000000000e+00
2.100110150463934122e-01,-9.756170807385171617e-01,0.000000000000000000e+00
-5.167533836080593357e-01,1.014284246411226859e-01,1.000000000000000000e+00
-9.192760000987844071e-01,1.284805615483410601e-01,0.000000000000000000e+00
-2.260275519781199116e-01,9.456576589622738283e-01,0.000000000000000000e+00
3.412351202305036191e-01,3.813432674903505792e-01,1.000000000000000000e+00
-3.015967750634952482e-01,4.146960669466117078e-01,1.000000000000000000e+00
3.286640189852642058e-01,-2.768063809793802621e-01,1.000000000000000000e+00
3.332892797431627474e-01,-3.696807755372827353e-01,1.000000000000000000e+00
-6.790718428453832445e-01,5.668066458215093029e-01,0.000000000000000000e+00
-1.529339691004126256e-01,-5.213752235640104482e-01,1.000000000000000000e+00
4.007922744650196378e-01,2.108855143030717305e-01,1.000000000000000000e+00
5.281121116213038924e-01,1.531707937432208455e-01,1.000000000000000000e+00
6.638885549305777456e-01,-6.951295266971123654e-01,0.000000000000000000e+00
5.062735588984447199e-01,-8.442478628715675004e-01,0.000000000000000000e+00
-2.455383333597256634e-02,4.808606042773407308e-01,1.000000000000000000e+00
-3.737364137059424607e-01,3.926182587661720680e-01,1.000000000000000000e+00
-7.621293022662194161e-02,-5.632918095145003079e-01,1.000000000000000000e+00
4.533788306023947556e-01,8.866619641706335875e-01,0.000000000000000000e+00
7.033131445591628284e-01,-6.369059830031563729e-01,0.000000000000000000e+00
9.452689139383280148e-01,4.038439529841136855e-01,0.000000000000000000e+00
-3.535224821346678592e-01,3.782695662960378069e-01,1.000000000000000000e+00
4.653019167162936176e-01,-2.860138729561921278e-01,1.000000000000000000e+00
-4.547107579637238994e-01,3.932005330146470801e-02,1.000000000000000000e+00
-1.882214314974741953e-01,4.073816028193175676e-01,1.000000000000000000e+00
4.839993828570169909e-01,1.130205444280173860e-01,1.000000000000000000e+00
3.897385022155371859e-01,-3.083254192438809882e-02,1.000000000000000000e+00
-7.777580727343595957e-01,-6.128333724304214636e-01,0.000000000000000000e+00
-3.972521856136014273e-01,-2.938738963126268922e-01,1.000000000000000000e+00
3.179399068327142808e-01,-3.817644647675491609e-01,1.000000000000000000e+00
-4.757255598898523230e-01,3.267138806053285771e-01,1.000000000000000000e+00
5.455434510920319502e-01,-1.230411020840592590e-01,1.000000000000000000e+00
-3.738250455973399777e-01,3.023937651039981800e-01,1.000000000000000000e+00
4.569055241150060676e-01,-9.159154052588039385e-02,1.000000000000000000e+00
1.212923493327024149e-02,-4.907033656801069177e-01,1.000000000000000000e+00
-2.976869551666858071e-01,-9.535484470768880172e-01,0.000000000000000000e+00
7.478921937259160879e-01,-5.694820380092990852e-01,0.000000000000000000e+00
5.485115132745559396e-01,6.710218267641011869e-02,1.000000000000000000e+00
9.005944129530463194e-01,2.818056841617169184e-01,0.000000000000000000e+00
-1.351173882216271660e-01,4.886239028191669553e-01,1.000000000000000000e+00
4.786789775731072755e-02,-6.107731153912098199e-01,1.000000000000000000e+00
3.238751086537203228e-01,2.899931731299384974e-01,1.000000000000000000e+00
-7.290251272019179218e-01,-7.060835723615517256e-01,0.000000000000000000e+00
4.596553013430541568e-01,-2.099157718927059657e-01,1.000000000000000000e+00
-8.616559202477613866e-02,-4.919701108450175719e-01,1.000000000000000000e+00
4.946927379285725457e-01,7.185974181320871346e-02,1.000000000000000000e+00
4.545303988669278650e-01,8.642211579880408889e-01,0.000000000000000000e+00
-5.450176816055158913e-01,1.814531214363926670e-01,1.000000000000000000e+00
4.298097397539658027e-01,8.654161209303405933e-01,0.000000000000000000e+00
-4.097701537557464913e-01,-3.431608241463421916e-01,1.000000000000000000e+00
-6.196524091846046245e-01,7.976463810621714501e-01,0.000000000000000000e+00
6.816261606990350330e-01,-8.468653422218741511e-01,0.000000000000000000e+00
2.946553443566261032e-01,3.629461500260299234e-01,1.000000000000000000e+00
-3.487927792791695736e-01,3.133058842771252461e-01,1.000000000000000000e+00
-1.005419224938977729e+00,-5.645948557885138719e-03,0.000000000000000000e+00
5.420843674780596588e-01,-9.440675134238414590e-02,1.000000000000000000e+00
-5.582146941634065218e-01,7.222198678694445872e-01,0.000000000000000000e+00
4.022617480902981879e-01,1.581511564789342683e-01,1.000000000000000000e+00
-3.144984013445689675e-02,4.264678183377243470e-01,1.000000000000000000e+00
-1.480673364268121350e-01,-5.808110983769012581e-01,1.000000000000000000e+00
2.545507832190049835e-01,-4.381712618341916388e-01,1.000000000000000000e+00
-1.017738336451382120e+00,1.367727258249563649e-01,0.000000000000000000e+00
-2.860457269782783474e-01,-4.092982900031203464e-01,1.000000000000000000e+00
9.115478886484418286e-02,-4.873007466809433086e-01,1.000000000000000000e+00
1.442018257706085826e-01,-4.503375344809782410e-01,1.000000000000000000e+00
-4.698826026134091949e-01,3.963844394911480995e-02,1.000000000000000000e+00
9.970712691928783622e-01,2.759119021129448068e-01,0.000000000000000000e+00
8.532045752863869348e-01,-1.625725339099041711e-01,0.000000000000000000e+00
-3.570995066968871701e-01,-1.027697210382344739e+00,0.000000000000000000e+00
8.182679713740578786e-02,9.555490356966291898e-01,0.000000000000000000e+00
-8.273773274905434905e-01,-6.440009430067020757e-01,0.000000000000000000e+00
-2.553423960176292584e-01,5.246805152748528212e-01,1.000000000000000000e+00
-4.462948892557330738e-01,9.258908555601551571e-01,0.000000000000000000e+00
-1.591624807321300739e-01,4.357686917114113601e-01,1.000000000000000000e+00
-9.505133461093935310e-01,3.169822281832769817e-01,0.000000000000000000e+00
3.181937451448221266e-01,3.492399235322646289e-01,1.000000000000000000e+00
4.400414519430050908e-01,-3.967496680097220424e-02,1.000000000000000000e+00
3.809981090565427997e-01,-3.188750321171946456e-01,1.000000000000000000e+00
1.955062951493962697e-01,5.650528499943416882e-01,1.000000000000000000e+00
-9.666696356120125788e-01,7.949325047076294393e-03,0.000000000000000000e+00
5.536910062555384648e-01,1.180808384304010139e-01,1.000000000000000000e+00
4.978471651600828163e-01,-7.718303344668249188e-01,0.000000000000000000e+00
-2.996916648492838897e-01,1.037791995256612365e+00,0.000000000000000000e+00
5.248092833057325102e-01,2.378586068711640855e-01,1.000000000000000000e+00
-3.671150206378573366e-01,2.310920778139690657e-01,1.000000000000000000e+00
-8.337316165681181168e-01,-4.830097787631276174e-01,0.000000000000000000e+00
2.052339067477495019e-02,-5.204830935161735006e-01,1.000000000000000000e+00
5.373464815647434334e-02,-5.631676045883353687e-01,1.000000000000000000e+00
9.514977457378337444e-01,-1.145163512340825474e-01,0.000000000000000000e+00
-4.183409318758217754e-01,8.765071624762376112e-01,0.000000000000000000e+00
-4.718772992741220862e-01,8.940970878552318979e-01,0.000000000000000000e+00
5.620066351833383766e-01,8.275450860959708832e-01,0.000000000000000000e+00
-4.502283579602384123e-01,-1.300224667144598278e-01,1.000000000000000000e+00
2.879059965202428462e-01,4.136830793338804879e-01,1.000000000000000000e+00
-4.083616417700823287e-01,-3.027403378497804387e-01,1.000000000000000000e+00
9.254781016684157091e-01,-1.856113181878859819e-01,0.000000000000000000e+00
9.994259919156935901e-01,4.195996074798299946e-01,0.000000000000000000e+00
1.475059548982027569e-01,5.016123583181244516e-01,1.000000000000000000e+00
2.539525480858209061e-01,3.518984000658966771e-01,1.000000000000000000e+00
5.025409379635579210e-01,-1.526680479223664899e-01,1.000000000000000000e+00
-3.285846461609093216e-01,-9.579991563474860028e-01,0.000000000000000000e+00
2.998191121845594775e-01,4.653140964190012330e-01,1.000000000000000000e+00
-2.451613387779550124e-01,-4.363161251552981623e-01,1.000000000000000000e+00
5.492998443436184486e-01,-1.502708825582119850e-02,1.000000000000000000e+00
4.056496050614070703e-01,-2.960720137525238993e-01,1.000000000000000000e+00
-4.735451347007049727e-01,8.005595818890617332e-01,0.000000000000000000e+00
1.524535080657797859e-01,4.566612559563544282e-01,1.000000000000000000e+00
-5.391706228684909341e-01,-2.597815234775882609e-03,1.000000000000000000e+00
-4.081265703335248962e-01,-8.873679418624420556e-01,0.000000000000000000e+00
-9.774830168946746500e-01,4.158775836702285900e-01,0.000000000000000000e+00
-7.455526080565965108e-01,6.854713264333061051e-01,0.000000000000000000e+00
-4.615037562136857230e-01,9.389516573388951848e-01,0.000000000000000000e+00
2.400794410790670907e-01,-4.518796043147196850e-01,1.000000000000000000e+00
3.950887174631053100e-01,7.652074914350277812e-02,1.000000000000000000e+00
9.044268505244086320e-01,-4.414156162982836862e-01,0.000000000000000000e+00
-9.836433267190460850e-01,-4.290358679703761696e-02,0.000000000000000000e+00
-4.726545339970090187e-01,1.789246970750290877e-01,1.000000000000000000e+00
-4.642022960986072477e-01,3.423312250675791812e-01,1.000000000000000000e+00
-1.541504037256562765e-01,9.972327612095495120e-01,0.000000000000000000e+00
-1.046400033581219802e+00,1.956797081192659105e-01,0.000000000000000000e+00
1.034033523184552994e+00,7.926354392152482053e-02,0.000000000000000000e+00
8.065305291683857458e-01,6.284220813235649183e-01,0.000000000000000000e+00
-4.830859053528470670e-01,8.885049150719660782e-02,1.000000000000000000e+00
3.645967273315903756e-01,9.098551545507942429e-01,0.000000000000000000e+00
5.328550619312821812e-01,-7.726018755161528917e-01,0.000000000000000000e+00
-1.068365588773834807e+00,6.531405487762813322e-02,0.000000000000000000e+00
6.023177611972508477e-02,4.990166959015880921e-01,1.000000000000000000e+00
5.206961242884557972e-01,1.614998081440563449e-01,1.000000000000000000e+00
-9.109509870337931803e-01,2.086263680931824682e-01,0.000000000000000000e+00
2.513440612862479634e-02,5.750111423806674171e-01,1.000000000000000000e+00
1.013023189299589344e+00,1.604741953427366863e-01,0.000000000000000000e+00
-2.803631187679661574e-01,3.618136495128487784e-01,1.000000000000000000e+00
-9.091564576193209568e-01,-2.215745141121043260e-01,0.000000000000000000e+00
3.763684027749147898e-02,-4.941205361193621859e-01,1.000000000000000000e+00
2.496211261015943150e-01,-4.145295874234596889e-01,1.000000000000000000e+00
1.877293630196343877e-01,4.552028530780988791e-01,1.000000000000000000e+00
5.137556590231889819e-01,1.674947922365015440e-01,1.000000000000000000e+00
2.516022021371525641e-01,4.757719620227185975e-01,1.000000000000000000e+00
1.043252298889470797e+00,-9.691277911699011649e-02,0.000000000000000000e+00
9.641899485312618312e-01,2.741761283167059027e-01,0.000000000000000000e+00
-4.985723606983202827e-01,8.584388153926947318e-01,0.000000000000000000e+00
-8.584482597135059123e-01,-5.298291668498141815e-01,0.000000000000000000e+00
5.904713390865172495e-02,-4.460545315647340692e-01,1.000000000000000000e+00
2.739994049037691726e-02,1.062276529941581726e+00,0.000000000000000000e+00
1.025993285352254425e+00,-1.477671271940019793e-01,0.000000000000000000e+00
3.046051995840182158e-01,-3.363910707199408989e-01,1.000000000000000000e+00
4.391164402702533720e-01,-8.681366313302107951e-01,0.000000000000000000e+00
-5.183136712797395962e-01,8.848868735585006806e-02,1.000000000000000000e+00
-4.353786107498175961e-01,8.441953570807398943e-01,0.000000000000000000e+00
3.496034219050590530e-01,-3.641461923957042823e-01,1.000000000000000000e+00
-4.307382420889977470e-01,-2.521135383527634555e-01,1.000000000000000000e+00
-9.338434087195056632e-01,-2.814575966752261293e-01,0.000000000000000000e+00
1.105456730202979632e+00,-1.167917521459145222e-02,0.000000000000000000e+00
4.124967407948285092e-02,9.652416011790395656e-01,0.000000000000000000e+00
-1.179599446689601205e-02,4.781881445286856325e-01,1.000000000000000000e+00
-9.173054122608341743e-01,4.156898035988610962e-01,0.000000000000000000e+00
4.406391951848858679e-01,-1.268974203339279239e-01,1.000000000000000000e+00
1.752135952743531788e-01,4.128168434853708990e-01,1.000000000000000000e+00
5.842202330137985511e-01,8.789801925184845821e-01,0.000000000000000000e+00
1.027686857068379200e-01,5.693909210703816948e-01,1.000000000000000000e+00
7.747729297521441238e-02,9.813683455063534344e-01,0.000000000000000000e+00
-4.580948965595331157e-01,-4.418885747098375699e-02,1.000000000000000000e+00
7.436528801579059822e-01,6.852945149950313564e-01,0.000000000000000000e+00
-3.010266791689378829e-01,-3.576246446060984407e-01,1.000000000000000000e+00
-4.557066007089336512e-01,9.196701270417997343e-01,0.000000000000000000e+00
-5.208818426528930567e-01,-8.500312800597102925e-01,0.000000000000000000e+00
1.853586951306487041e-01,-5.255697913452048731e-01,1.000000000000000000e+00
-8.867971618298181591e-01,9.562746259299867435e-02,0.000000000000000000e+00
8.990624303240324355e-01,4.984588373735281408e-01,0.000000000000000000e+00
9.480547022686489078e-02,-1.020451908950037900e+00,0.000000000000000000e+00
-5.973288827691300429e-02,4.479439289375860556e-01,1.000000000000000000e+00
-6.801818152844505416e-01,7.417463509432230540e-01,0.000000000000000000e+00
-3.601582029587312439e-01,-3.894083718251274973e-01,1.000000000000000000e+00
2.623039148204656112e-02,-4.863941810400740917e-01,1.000000000000000000e+00
-3.402968428161745607e-01,-9.829052499113797303e-01,0.000000000000000000e+00
-1.006877375701142885e+00,1.598179826409546478e-01,0.000000000000000000e+00
-4.697591161499333201e-01,2.548707913337077691e-01,1.000000000000000000e+00
1.029550317284997130e+00,-8.002864847123355996e-02,0.000000000000000000e+00
8.867024481041019257e-01,-4.878305274819824122e-01,0.000000000000000000e+00
4.635071705309873336e-01,-1.896897823028328989e-01,1.000000000000000000e+00
2.843762273522908446e-01,-5.022910820534109977e-01,1.000000000000000000e+00
-6.686551598238421601e-01,7.974598680186895105e-01,0.000000000000000000e+00
7.646640604720931211e-01,-6.638039636214349004e-01,0.000000000000000000e+00
-5.397219681032290328e-01,8.150240372333056316e-02,1.000000000000000000e+00
-7.838715817789607132e-02,4.867045191647683677e-01,1.000000000000000000e+00
-4.229346670325816182e-02,4.198370525702573297e-01,1.000000000000000000e+00
7.905250024106149631e-01,5.795174546871608712e-01,0.000000000000000000e+00
-8.948834600747612722e-01,7.859552279969257704e-02,0.000000000000000000e+00
9.512393464074804239e-01,1.958829136924575970e-02,0.000000000000000000e+00
-1.040632356062293651e+00,-2.967261219079517232e-03,0.000000000000000000e+00
4.413759013770597317e-01,1.926215697212608213e-01,1.000000000000000000e+00
2.999636754686283435e-01,3.652835159405552479e-01,1.000000000000000000e+00
-3.518354140853000578e-01,2.653097101490178855e-01,1.000000000000000000e+00
9.768748175875098250e-01,3.089447529635608869e-01,0.000000000000000000e+00
-6.997167942467721335e-01,7.814637638276069609e-01,0.000000000000000000e+00
4.177366723282573413e-01,-1.705459687333886198e-01,1.000000000000000000e+00
6.503955716572432655e-01,6.953851401879789229e-01,0.000000000000000000e+00
4.112914172143467550e-01,2.574859236520696815e-01,1.000000000000000000e+00
6.832495359369133991e-01,-6.927809963659792292e-01,0.000000000000000000e+00
2.570138936489409498e-01,-8.497839361512256051e-01,0.000000000000000000e+00
-4.928432457263342004e-01,-8.381189536976766385e-01,0.000000000000000000e+00
-2.261918572426545870e-01,4.343994287345858130e-01,1.000000000000000000e+00
-4.950202458463067723e-01,-2.004813692180246465e-01,1.000000000000000000e+00
-8.934691133952037401e-01,-4.001168066223961817e-01,0.000000000000000000e+00
1.916182233944982438e-01,3.727906503601545740e-01,1.000000000000000000e+00
4.474329789178366212e-01,1.095697042534253818e-01,1.000000000000000000e+00
4.706874896897221272e-01,-3.182231221247181496e-01,1.000000000000000000e+00
8.362631275468108694e-01,-5.631308623755728604e-01,0.000000000000000000e+00
9.882291685285709004e-01,2.426523853830917510e-01,0.000000000000000000e+00
8.995260380075794648e-01,-2.372050289301362580e-01,0.000000000000000000e+00
2.856410473195317157e-01,3.737015444472108205e-01,1.000000000000000000e+00
7.146671919396858641e-01,6.818828481757641669e-01,0.000000000000000000e+00
1.784737163392175197e-01,4.592910614570850369e-01,1.000000000000000000e+00
8.639134822802416735e-01,4.370651422258647334e-01,0.000000000000000000e+00
-1.821289457917486532e-01,-4.135709192513790100e-01,1.000000000000000000e+00
-1.459811905980941682e-01,9.774796850080262889e-01,0.000000000000000000e+00
-9.316852792485676993e-01,8.297351881423777054e-02,0.000000000000000000e+00
-1.694122799357706821e-01,-5.158095424547337604e-01,1.000000000000000000e+00
-4.567988465958031097e-01,-1.553943530772826376e-01,1.000000000000000000e+00
-4.497339121843545451e-01,2.107480192302587374e-01,1.000000000000000000e+00
4.251053376055378141e-01,-3.630737890833839882e-02,1.000000000000000000e+00
4.435280907746819712e-01,-2.641673290015802977e-01,1.000000000000000000e+00
-5.196415354329838587e-01,8.419986312160503417e-01,0.000000000000000000e+00
-5.925302672925759628e-01,7.849367991436959624e-01,0.000000000000000000e+00
6.059091847714299928e-02,5.024680627470696770e-01,1.000000000000000000e+00
5.676195952456267180e-02,9.850223904332446878e-01,0.000000000000000000e+00
-4.775634573825260354e-01,-2.319791855386041102e-01,1.000000000000000000e+00
-1.018361594499994860e+00,1.067189589701585811e-02,0.000000000000000000e+00
-8.668410982745782256e-01,7.101828477740428358e-01,0.000000000000000000e+00
6.623074281661686102e-01,7.435697750786881555e-01,0.000000000000000000e+00
2.177843893498777328e-01,-9.795566350512883158e-01,0.000000000000000000e+00
1.052744644504769900e+00,5.399195061209062507e-02,0.000000000000000000e+00
-7.546534943025108300e-01,5.224014628039739261e-01,0.000000000000000000e+00
-8.506691570669083768e-02,4.829820384189091320e-01,1.000000000000000000e+00
5.110587940417998798e-01,2.919958799136904148e-01,1.000000000000000000e+00
-5.197771998476397731e-02,-4.153086331705137524e-01,1.000000000000000000e+00
-8.385119585706422018e-01,4.504118002374865037e-01,0.000000000000000000e+00
-5.159858772208635314e-01,1.343795237981051383e-01,1.000000000000000000e+00
-3.736743165068157624e-01,2.025173819474482828e-01,1.000000000000000000e+00
-4.435954362082588087e-01,-2.357062980037389899e-01,1.000000000000000000e+00
2.091496462088317798e-01,3.926106354882482607e-01,1.000000000000000000e+00
2.671184627849638657e-02,-9.723466651410835881e-01,0.000000000000000000e+00
8.660768486670177013e-02,-5.144108872613465389e-01,1.000000000000000000e+00
-1.674624014866928357e-01,-4.483465045565486196e-01,1.000000000000000000e+00
-3.774138556867243643e-01,1.929272838405478030e-01,1.000000000000000000e+00
-5.377026032878700068e-01,1.718892036191767975e-02,1.000000000000000000e+00
-1.031200064264297778e+00,-4.173275176502353467e-01,0.000000000000000000e+00
-6.707304206769859611e-02,4.890680608484687664e-01,1.000000000000000000e+00
1.006918451419563487e+00,1.178207149326477715e-01,0.000000000000000000e+00
4.252021914534366287e-01,2.520312150006894791e-01,1.000000000000000000e+00
-2.627018213552291259e-01,-9.832964598530051781e-01,0.000000000000000000e+00
4.953915577405198500e-01,2.804189323729562588e-02,1.000000000000000000e+00
2.107035198131690656e-01,9.401092617085275993e-01,0.000000000000000000e+00
4.896317930676079566e-01,7.329406995467946384e-02,1.000000000000000000e+00
5.174298160586763284e-01,7.731328184124626191e-01,0.000000000000000000e+00
-1.826176738928778076e-03,-4.442233811074005612e-01,1.000000000000000000e+00
-9.549301784375036073e-01,-9.929535627767333006e-02,0.000000000000000000e+00
3.794022977785806994e-01,-4.298644163176241206e-01,1.000000000000000000e+00
9.231500646516839215e-01,2.097257170924918535e-01,0.000000000000000000e+00
8.803161985216854113e-01,-4.786450712606253877e-01,0.000000000000000000e+00
-3.248438586181195409e-01,-4.594062207279812071e-01,1.000000000000000000e+00
7.678534913250421035e-01,7.126070872990237781e-01,0.000000000000000000e+00
1.069561375641525369e-01,-5.314731831451982025e-01,1.000000000000000000e+00
-3.677450732615434870e-01,2.919321600540226713e-01,1.000000000000000000e+00
4.936389274769052982e-01,5.301645425736907502e-02,1.000000000000000000e+00
4.837809223364120115e-01,8.545163627353151714e-01,0.000000000000000000e+00
5.061951704212810377e-01,-2.841829663489074953e-01,1.000000000000000000e+00
-1.892087937232860839e-01,-9.075811191920835075e-01,0.000000000000000000e+00
-9.931686327484579024e-01,1.097860477503505156e-01,0.000000000000000000e+00
6.151458598872797667e-01,7.230963935761026695e-01,0.000000000000000000e+00
-4.418194656167265810e-01,-1.019819806820445818e+00,0.000000000000000000e+00
-2.102029157757656641e-01,-3.957006942422575113e-01,1.000000000000000000e+00
-1.528331921292750140e-01,-1.008920093753170599e+00,0.000000000000000000e+00
1.369856147895755494e-01,-5.223199083646172802e-01,1.000000000000000000e+00
-4.670740887682658937e-01,-8.090638953908353415e-01,0.000000000000000000e+00
-7.055428922785421664e-01,6.747273174425724163e-01,0.000000000000000000e+00
9.770974852171283587e-01,-3.037357095019007636e-01,0.000000000000000000e+00
4.282393265879159139e-01,-8.040166812737469249e-01,0.000000000000000000e+00
-3.023690704976581545e-01,-3.818073583419444583e-01,1.000000000000000000e+00
4.371176093095776594e-01,3.001460497848760234e-01,1.000000000000000000e+00
-9.583446874427671291e-01,1.205756554056967161e-01,0.000000000000000000e+00
-1.033955564770548952e+00,1.670902573231140276e-01,0.000000000000000000e+00
-5.348676100766163177e-01,-9.194109539710067225e-03,1.000000000000000000e+00
5.019958629846397180e-01,2.829922723413578201e-01,1.000000000000000000e+00
4.720318551515001460e-01,-9.626263586725551935e-01,0.000000000000000000e+00
9.841526191671698953e-01,3.886575234246487098e-01,0.000000000000000000e+00
3.280592793381513217e-01,1.012385374873350896e+00,0.000000000000000000e+00
-4.630862911485480460e-01,3.397719505662813999e-01,1.000000000000000000e+00
-7.328604365419634226e-01,6.453399668841131032e-01,0.000000000000000000e+00
6.187318033614296053e-02,-5.266833157895545181e-01,1.000000000000000000e+00
-2.598858025287400508e-01,9.747022301276858647e-01,0.000000000000000000e+00
-4.928688620536378906e-01,2.331674608221122047e-01,1.000000000000000000e+00
4.344578713929724278e-01,1.195189889322998827e-01,1.000000000000000000e+00
2.757718898566650645e-01,3.962788469265191571e-01,1.000000000000000000e+00
-1.070806270808541294e+00,-2.132093419832388759e-01,0.000000000000000000e+00
-9.955869628111792269e-02,-5.301305258275814669e-01,1.000000000000000000e+00
-4.525438325556681990e-03,5.013338181078884626e-01,1.000000000000000000e+00
3.298799882180920018e-01,-1.002446249465995365e+00,0.000000000000000000e+00
-3.959438701595827809e-02,1.042365476990255280e+00,0.000000000000000000e+00
3.219840747035948580e-01,9.203365791882260893e-01,0.000000000000000000e+00
2.493958775845993639e-02,-5.437405982973374519e-01,1.000000000000000000e+00
5.309982525039009804e-01,8.530994222528869297e-01,0.000000000000000000e+00
6.730693899482097509e-01,-8.149277524481781665e-01,0.000000000000000000e+00
8.597652597037076516e-01,4.800887054376981045e-01,0.000000000000000000e+00
-3.348874619570866851e-01,3.219150584149432781e-01,1.000000000000000000e+00
-5.105708662743226878e-01,-5.794065045512846596e-02,1.000000000000000000e+00
9.056319525771694412e-01,4.288726647150523097e-01,0.000000000000000000e+00
-2.820333960781579163e-01,-3.511879290375480300e-01,1.000000000000000000e+00
1.544231103962640239e-01,9.747581925651200851e-01,0.000000000000000000e+00
9.866805200851033186e-01,-3.312583853743634732e-01,0.000000000000000000e+00
-1.160829253779426945e-01,1.049710231686191042e+00,0.000000000000000000e+00
-6.165276908408300338e-01,-8.572747514093361776e-01,0.000000000000000000e+00
-4.600378173717121766e-01,-2.797656169833911965e-01,1.000000000000000000e+00
-4.398886822228871840e-01,9.433707567959246365e-01,0.000000000000000000e+00
2.712047891386137888e-01,-4.088421802262123261e-01,1.000000000000000000e+00
-9.431276790474815153e-01,2.377751313725890991e-01,0.000000000000000000e+00
-1.103676027751387512e+00,2.936219750332130785e-01,0.000000000000000000e+00
-4.376509677591449154e-01,-1.376920133243932642e-01,1.000000000000000000e+00
-7.599296053653313843e-01,-6.058603481117301737e-01,0.000000000000000000e+00
1.070561496560516357e+00,8.689827358921878298e-02,0.000000000000000000e+00
3.917438416237464804e-01,-4.170688199797861206e-01,1.000000000000000000e+00
4.862528922153492306e-01,-1.854382573026973624e-01,1.000000000000000000e+00
-2.635847114121234180e-01,-9.983243349473870376e-01,0.000000000000000000e+00
9.858894243111223643e-01,1.795463307379446816e-01,0.000000000000000000e+00
9.431079093400284163e-01,-2.851195979821770088e-01,0.000000000000000000e+00
-3.553027656996164962e-01,-3.869087708086704769e-01,1.000000000000000000e+00
4.129859478466644251e-01,-3.097414047116154867e-01,1.000000000000000000e+00
3.778170246567443824e-01,-2.134255094463909652e-01,1.000000000000000000e+00
-3.848064596726352149e-01,3.406799857337652893e-01,1.000000000000000000e+00
-4.185237163733404597e-01,-1.639436328320270919e-01,1.000000000000000000e+00
-1.685567739127154796e-01,4.039592224432113632e-01,1.000000000000000000e+00
3.732970097989131708e-01,-4.261103550869586032e-01,1.000000000000000000e+00
-1.036149029678460121e+00,2.446025467735608860e-01,0.000000000000000000e+00
-2.852330552593738133e-01,-4.874774924826623668e-01,1.000000000000000000e+00
4.040021723193006897e-01,-9.078693283759418087e-01,0.000000000000000000e+00
-3.254186560548756324e-01,1.001056500629324386e+00,0.000000000000000000e+00
4.890467575574700132e-01,7.818354036885412361e-02,1.000000000000000000e+00
-6.132757049068924271e-01,-8.080173165498563126e-01,0.000000000000000000e+00
-5.932777456968066909e-01,-8.237251642763304682e-01,0.000000000000000000e+00
-2.765804350254704169e-01,-3.921633729879006602e-01,1.000000000000000000e+00
2.312386646163976101e-01,3.637980178412452137e-01,1.000000000000000000e+00
-4.689055677549245904e-01,4.121562150409194825e-01,1.000000000000000000e+00
8.448034975613458730e-01,5.574376449014111223e-01,0.000000000000000000e+00
9.323888719733325336e-01,4.320878164633617513e-01,0.000000000000000000e+00
3.246621834041726190e-03,1.005085561982826947e+00,0.000000000000000000e+00
5.552671169023288833e-01,-8.425866873386876899e-01,0.000000000000000000e+00
-7.985177420080501465e-01,4.628733170783628226e-01,0.000000000000000000e+00
3.110714197348481425e-01,-8.890923646247729240e-01,0.000000000000000000e+00
3.216279773170562239e-01,-9.597034933000676560e-01,0.000000000000000000e+00
6.639673737079910820e-01,-7.690189121123186533e-01,0.000000000000000000e+00
3.623282497426811855e-01,3.546810904982587997e-01,1.000000000000000000e+00
5.297570409179217510e-01,3.996151246344917946e-02,1.000000000000000000e+00
-9.478807690847572687e-01,4.185826853091192401e-01,0.000000000000000000e+00
5.064177933632961759e-01,1.100180650307972380e-01,1.000000000000000000e+00
1.950941291629530450e-01,9.795598967205105811e-01,0.000000000000000000e+00
2.712661909491034251e-01,9.531709484124376575e-01,0.000000000000000000e+00
-5.186298129472943774e-01,8.168167596189682689e-01,0.000000000000000000e+00
-8.294554872800911083e-01,-5.209030986746625569e-01,0.000000000000000000e+00
-2.194831008424276697e-01,4.648373207895439840e-01,1.000000000000000000e+00
-2.146216191202905410e-01,4.528765157776479255e-01,1.000000000000000000e+00
-6.897901582144237986e-01,-8.253238018269044574e-01,0.000000000000000000e+00
-5.015994917573324274e-01,1.283739960330112784e-01,1.000000000000000000e+00
5.804189997777148280e-02,5.102525838607452346e-01,1.000000000000000000e+00
-1.786172189912498820e-01,-4.039144768607896285e-01,1.000000000000000000e+00
-1.642649238279212665e-01,-5.668141527411945102e-01,1.000000000000000000e+00
-2.938670001546493937e-01,8.406596630292144656e-01,0.000000000000000000e+00
3.941518002928220410e-01,2.626839278660559329e-01,1.000000000000000000e+00
-2.181800670643460616e-01,3.316425389002386481e-01,1.000000000000000000e+00
-3.304623994139484489e-01,-3.025104106089098188e-01,1.000000000000000000e+00
3.509915870091004364e-01,-2.560930704125706781e-01,1.000000000000000000e+00
-3.281224973890599084e-01,-8.974842935217333117e-01,0.000000000000000000e+00
-3.981470667368365302e-01,8.601860180795842803e-01,0.000000000000000000e+00
-8.984177734111347124e-01,4.264521034556835177e-01,0.000000000000000000e+00
-8.912194908141872762e-01,-3.406594957509923582e-01,0.000000000000000000e+00
7.116305520871287760e-01,-5.960982839142369150e-01,0.000000000000000000e+00
-8.563472564513570084e-01,-5.272710172800274542e-01,0.000000000000000000e+00
-3.780795781166721992e-01,2.926409797274330815e-01,1.000000000000000000e+00
-2.951301619989087355e-01,-8.778708464352775742e-01,0.000000000000000000e+00
4.172576997849310465e-01,2.696094079280726419e-01,1.000000000000000000e+00
6.724587388576269698e-01,8.396445007523559712e-01,0.000000000000000000e+00
5.418338785053412598e-01,8.744431101486512814e-01,0.000000000000000000e+00
4.865474170453882308e-01,-7.593534323074657699e-02,1.000000000000000000e+00
-3.631586225385269873e-01,3.207499717759924596e-01,1.000000000000000000e+00
-3.472210276588383882e-01,4.422616389578035156e-01,1.000000000000000000e+00
1.312413088795800764e-01,-4.969155225081552940e-01,1.000000000000000000e+00
9.899981311442525023e-01,-5.169085627021161589e-01,0.000000000000000000e+00
9.162864482326279481e-01,3.108472581991667330e-02,0.000000000000000000e+00
-9.603714184491108918e-01,-5.014792749752158274e-01,0.000000000000000000e+00
3.432173789530097996e-01,9.061047503455936791e-01,0.000000000000000000e+00
9.726658101541306445e-02,-5.911514895816289972e-01,1.000000000000000000e+00
4.953589628569638470e-01,2.468374835096472097e-01,1.000000000000000000e+00
2.399134589895737801e-01,9.834309009674306878e-01,0.000000000000000000e+00
-4.968024059004856330e-01,6.872330202172305391e-02,1.000000000000000000e+00
-7.821019719856465713e-01,5.074446862699458771e-01,0.000000000000000000e+00
-1.072025478980442204e+00,-4.208389050740005133e-01,0.000000000000000000e+00
-1.859289116884500770e-01,4.661091405171003954e-01,1.000000000000000000e+00
-8.794487121813385766e-01,3.728338843736590524e-01,0.000000000000000000e+00
4.088313553755858476e-01,-2.088017191526101435e-01,1.000000000000000000e+00
-3.518903032546447651e-01,-3.729835809214564479e-01,1.000000000000000000e+00
4.671285648257884615e-01,-8.052397887520825748e-01,0.000000000000000000e+00
1.129529333998820079e-01,-4.734388837071840661e-01,1.000000000000000000e+00
-2.506012307774405090e-01,9.543328550665233223e-01,0.000000000000000000e+00
1.009234583710956867e+00,4.827373676815865933e-02,0.000000000000000000e+00
2.037415958063811816e-01,1.040992921753118861e+00,0.000000000000000000e+00
1.287710226150542148e-01,-9.765632867877004353e-01,0.000000000000000000e+00
-1.872022462025847434e-01,4.311603467646402121e-01,1.000000000000000000e+00
-4.832013543642238451e-01,2.593294898154760442e-01,1.000000000000000000e+00
7.385094335100564344e-02,-1.087272244526209963e+00,0.000000000000000000e+00
5.100641496027870092e-01,1.614782958440354466e-01,1.000000000000000000e+00
-1.074719368852747325e-01,-9.778731578896020515e-01,0.000000000000000000e+00
-9.454774974259306797e-01,-4.771626635683243189e-01,0.000000000000000000e+00
3.819833928823125335e-01,-2.522922959102338325e-01,1.000000000000000000e+00
-3.106471546774263737e-01,9.809930583614697719e-01,0.000000000000000000e+00
4.405535141075674344e-01,-2.424607466725202942e-01,1.000000000000000000e+00
-4.955581586599563937e-01,-7.708717809809494115e-02,1.000000000000000000e+00
8.636697163734876614e-01,-5.414519494054982340e-01,0.000000000000000000e+00
4.341780436083425565e-01,2.805389297286289274e-01,1.000000000000000000e+00
8.206131930762627924e-01,5.429091839769087935e-01,0.000000000000000000e+00
-7.634901924804891049e-01,-6.987496568562912014e-01,0.000000000000000000e+00
8.297825445816787993e-02,-1.021917108073836289e+00,0.000000000000000000e+00
-1.020300073112878847e+00,-3.231226713137948237e-03,0.000000000000000000e+00
-1.545917296056053547e-01,4.223783239322527749e-01,1.000000000000000000e+00
3.226289529232782560e-01,-3.959721721269254813e-01,1.000000000000000000e+00
-4.573992959984864992e-01,-2.305614636693856523e-01,1.000000000000000000e+00
-6.105915094045197833e-01,6.285039148062995240e-01,0.000000000000000000e+00
3.543919734268330402e-02,9.785106166918224879e-01,0.000000000000000000e+00
-5.671014481039892141e-01,1.797062760916304236e-01,1.000000000000000000e+00
-8.313087659884035308e-01,4.812704690456177659e-01,0.000000000000000000e+00
-2.546702928900794194e-01,4.083533763306683717e-01,1.000000000000000000e+00
1.425984313634197920e-01,-4.952608521927161500e-01,1.000000000000000000e+00
5.775015804986934898e-01,-8.194983502722504864e-01,0.000000000000000000e+00
7.458731000757234941e-01,-6.070930793106654733e-01,0.000000000000000000e+00
4.928743192651260929e-01,-1.756737231033477231e-01,1.000000000000000000e+00
9.678322698182975081e-01,-2.041084950884297922e-01,0.000000000000000000e+00
-4.931213528323296069e-01,-2.233338572644968656e-01,1.000000000000000000e+00
-3.942131960016802550e-01,-2.592063008488832976e-01,1.000000000000000000e+00
7.791173645460339192e-02,5.047026580134194029e-01,1.000000000000000000e+00
3.079260526739749926e-01,3.456429088082134671e-01,1.000000000000000000e+00
-7.501258269221388053e-01,6.270756472939877924e-01,0.000000000000000000e+00
3.850273197706269301e-01,-4.002417831952999050e-01,1.000000000000000000e+00
-8.943074926363301369e-01,-4.740671003901681391e-01,0.000000000000000000e+00
-5.133524824760744565e-01,-1.529633359478070054e-01,1.000000000000000000e+00
4.202456257815034846e-01,-9.151104651998938355e-02,1.000000000000000000e+00
-7.045610679175584590e-01,7.628345695641948199e-01,0.000000000000000000e+00
-9.811701337172227255e-01,-4.003066436824387342e-02,0.000000000000000000e+00
-1.807612905252259927e-01,5.423766231799286297e-01,1.000000000000000000e+00
8.499539974642902340e-01,-4.901560004926172609e-01,0.000000000000000000e+00
-3.466486150613574679e-01,-3.829674963543642230e-01,1.000000000000000000e+00
4.740986216179446378e-01,9.460890976319609180e-01,0.000000000000000000e+00
-4.293305339458381442e-01,1.328327264946969621e-01,1.000000000000000000e+00
3.957823214011121915e-01,3.293173116013424218e-01,1.000000000000000000e+00
-5.389160900611112970e-01,-3.500104302994572897e-02,1.000000000000000000e+00
4.876032718507491426e-01,8.437449422898070095e-01,0.000000000000000000e+00
1.772993367529132058e-01,4.719523399685380816e-01,1.000000000000000000e+00
7.557231925833736152e-01,-6.755491401770599147e-01,0.000000000000000000e+00
-2.073970402859200146e-01,-9.000608121627914349e-01,0.000000000000000000e+00
2.183335056518117753e-02,-5.355406449989313922e-01,1.000000000000000000e+00
-2.647361100020448332e-01,9.792033537397111242e-01,0.000000000000000000e+00
2.624624889330338107e-01,-9.454829217880038605e-01,0.000000000000000000e+00
4.051220773791945617e-02,9.909553696496690156e-01,0.000000000000000000e+00
4.075189918826867541e-01,9.422581119955603102e-01,0.000000000000000000e+00
3.209302286467292931e-02,-4.582408439480462614e-01,1.000000000000000000e+00
-1.057688475423041036e-01,-4.924683032327406562e-01,1.000000000000000000e+00
-1.511406696650991199e-01,-3.975399978623325170e-01,1.000000000000000000e+00
5.495996072601186944e-01,-7.602439277194360523e-01,0.000000000000000000e+00
-2.094435662043558632e-01,4.336883670812388680e-01,1.000000000000000000e+00
6.158737422681419549e-01,-7.514864162460738184e-01,0.000000000000000000e+00
-3.396126003408229121e-01,-2.577010538786861371e-01,1.000000000000000000e+00
5.042614334400821186e-01,-7.963987287017825212e-01,0.000000000000000000e+00
-4.800023557786767259e-01,-3.585610182468920715e-01,1.000000000000000000e+00
-9.516593237741312328e-02,-1.001000414555215601e+00,0.000000000000000000e+00
3.338799924392393814e-02,4.518865931488472709e-01,1.000000000000000000e+00
9.114841102236626025e-01,-1.826217082201064823e-01,0.000000000000000000e+00
-7.619186499556418468e-01,6.245332041413106383e-01,0.000000000000000000e+00
9.244407672595625902e-01,-3.679169995422552075e-01,0.000000000000000000e+00
-3.597830664747144747e-01,-3.927272381271749158e-01,1.000000000000000000e+00
8.900704286109183405e-01,4.241681118763565017e-01,0.000000000000000000e+00
-9.447393160831681069e-02,-4.798871354038705683e-01,1.000000000000000000e+00
-8.513948165347812180e-01,4.150562379905091692e-01,0.000000000000000000e+00
7.817036512965517270e-01,8.022281886578754850e-01,0.000000000000000000e+00
-2.568639664902288011e-01,4.768695085861380800e-01,1.000000000000000000e+00
9.302269829231404330e-01,-1.808960181700137448e-01,0.000000000000000000e+00
9.384726316346256869e-01,-3.522456280294830600e-01,0.000000000000000000e+00
1.006831541410585062e+00,-4.088598568259124155e-01,0.000000000000000000e+00
1.832231826611626924e-01,-1.043271385679411800e+00,0.000000000000000000e+00
-1.461621929485766580e-01,-4.592628062824877788e-01,1.000000000000000000e+00
-9.291019715952786306e-02,1.001289941198773903e+00,0.000000000000000000e+00
-1.102640223527463492e-01,-5.025166762882529170e-01,1.000000000000000000e+00
-3.177873838038217102e-02,5.481844935717415934e-01,1.000000000000000000e+00
-4.294367375273709930e-01,4.447285982897345447e-01,1.000000000000000000e+00
1.019879571833457454e+00,5.264449140183369291e-01,0.000000000000000000e+00
1.671929894792643367e-01,4.777821628996313241e-01,1.000000000000000000e+00
3.497980084280610247e-01,9.457409998449273214e-01,0.000000000000000000e+00
2.758594305443365924e-01,4.146767692376672199e-01,1.000000000000000000e+00
-5.146137622535105205e-01,9.142720950328842022e-02,1.000000000000000000e+00
3.947810370687024339e-01,-9.049751488884487660e-01,0.000000000000000000e+00
-1.049712937344111197e+00,7.026813501767048553e-02,0.000000000000000000e+00
7.908619444799066533e-01,-5.971363620799735594e-01,0.000000000000000000e+00
-3.191432309918242338e-01,3.749182282784511155e-01,1.000000000000000000e+00
-3.912462865886074947e-01,2.967517642258513666e-01,1.000000000000000000e+00
-4.581738182911750390e-01,6.932732976199675046e-02,1.000000000000000000e+00
2.562137278323087242e-01,3.861115423639362998e-01,1.000000000000000000e+00
3.546235400187570663e-01,-9.324867632199000944e-01,0.000000000000000000e+00
6.135670279979145159e-01,7.536030060005740605e-01,0.000000000000000000e+00
-9.995891872431001968e-01,-1.525935605363879788e-01,0.000000000000000000e+00
-3.045480746154056728e-01,4.225826222963780521e-01,1.000000000000000000e+00
9.982612871117311215e-01,8.422956019159839880e-02,0.000000000000000000e+00
1.085877958578548852e-01,9.586767699700067258e-01,0.000000000000000000e+00
2.396509957768341026e-01,-3.875706804285129481e-01,1.000000000000000000e+00
5.302114672941936613e-01,1.236192285712546940e-01,1.000000000000000000e+00
7.658147355572427761e-01,6.212761290640969047e-01,0.000000000000000000e+00
1.764316628219229077e-01,-9.275300302263799201e-01,0.000000000000000000e+00
6.127251258608599205e-01,7.906579246204563649e-01,0.000000000000000000e+00
2.720963895556666179e-01,8.843149443703269830e-01,0.000000000000000000e+00
6.627974418439348536e-01,7.300066668862170705e-01,0.000000000000000000e+00
9.058588212923460170e-02,4.401499236816219796e-01,1.000000000000000000e+00
-2.362120350491448417e-01,2.466183888632188792e-01,1.000000000000000000e+00
3.906511861585686973e-01,2.202645110967548781e-01,1.000000000000000000e+00
3.232022411976385318e-02,4.707760173018123995e-01,1.000000000000000000e+00
-9.851478835472260442e-01,-3.481050473826974856e-01,0.000000000000000000e+00
-6.078310792188060807e-01,6.324243165357880114e-01,0.000000000000000000e+00
1.083026455308353508e+00,-3.460591879623809430e-01,0.000000000000000000e+00
5.096613762092530031e-01,-1.253673167862489057e-01,1.000000000000000000e+00
-4.597307976682549757e-01,-1.156510594220377663e-01,1.000000000000000000e+00
2.736272722324136764e-01,9.273830739783880395e-01,0.000000000000000000e+00
9.187551138105760629e-01,-1.967318932107001150e-01,0.000000000000000000e+00
4.791193830310125357e-01,-4.277620381969848840e-01,1.000000000000000000e+00
5.472181196892391686e-01,2.113941973662648854e-02,1.000000000000000000e+00
4.121860263140460501e-01,-9.247539311573006460e-01,0.000000000000000000e+00
-5.190216736561839017e-01,2.016517948060844723e-02,1.000000000000000000e+00
-4.917355693480064405e-01,-2.117930943173423064e-01,1.000000000000000000e+00
-7.613094695637899756e-01,6.635644706720486008e-01,0.000000000000000000e+00
-1.398922226767817800e-01,-4.215942688267474425e-01,1.000000000000000000e+00
-6.544914447599782248e-01,5.688608269129099559e-01,0.000000000000000000e+00
5.810657760999359267e-01,2.128548299618031325e-01,1.000000000000000000e+00
-6.865465523541504078e-01,8.042027883416336120e-01,0.000000000000000000e+00
-8.223667182250835594e-01,5.808379738839369866e-01,0.000000000000000000e+00
2.427315618183500667e-01,-4.128614702708325312e-01,1.000000000000000000e+00
7.803797020520565342e-01,6.889505245579933268e-01,0.000000000000000000e+00
1.051956669220193596e+00,2.834331115037035942e-01,0.000000000000000000e+00
-8.676046022440507821e-01,4.787623317630991804e-01,0.000000000000000000e+00
-5.024373429938939761e-01,-3.287463672948189308e-01,1.000000000000000000e+00
-4.075453402746109233e-01,4.173874163999788389e-02,1.000000000000000000e+00
8.101289673552445336e-01,-6.118119234220331659e-01,0.000000000000000000e+00
4.545085496713546780e-01,1.402620326892076441e-01,1.000000000000000000e+00
-2.002235836405966141e-01,4.685048512844390833e-01,1.000000000000000000e+00
4.188147808640782510e-01,-1.510035437762016208e-01,1.000000000000000000e+00
-7.979700439357119146e-01,-4.329997349231584636e-01,0.000000000000000000e+00
-6.279074353981530798e-01,-8.055727668599829139e-01,0.000000000000000000e+00
1.046855703725818459e-01,-5.012140396208357718e-01,1.000000000000000000e+00
4.809038872707390166e-01,8.916416551718338024e-01,0.000000000000000000e+00
-8.980186616564698188e-01,5.689095972018817227e-01,0.000000000000000000e+00
9.264055079280322791e-02,9.903683052166423195e-01,0.000000000000000000e+00
2.145638036596075882e-01,-1.008655986887457612e+00,0.000000000000000000e+00
-9.230717601394970995e-01,-5.608731168212114371e-01,0.000000000000000000e+00
2.174173469584282925e-01,-9.842116596337076029e-01,0.000000000000000000e+00
-5.042314756328926117e-01,-8.728913417807413477e-01,0.000000000000000000e+00
7.392768742618625044e-01,-6.533330183383544432e-01,0.000000000000000000e+00
-4.938235869101681996e-01,-2.990540484938714744e-02,1.000000000000000000e+00
-8.306798722311831140e-01,-6.106321897025392964e-01,0.000000000000000000e+00
-7.230712700258545844e-01,-6.046364498676175536e-01,0.000000000000000000e+00
7.764973642762601491e-02,-4.440801118290109151e-01,1.000000000000000000e+00
