-1.036507032733241296e+00,3.926172728952011526e-01,0.000000000000000000e+00
1.014714097779833235e+00,1.775473567778143025e-01,0.000000000000000000e+00
-6.616019192524675852e-01,7.053670555878895909e-01,0.000000000000000000e+00
-2.860872300092024423e-01,9.673874393821353390e-01,0.000000000000000000e+00
-7.900615254978697877e-01,6.155860195969921067e-01,0.000000000000000000e+00
1.815546786726334849e+00,1.306280368666870584e-02,1.000000000000000000e+00
1.935792805735611744e+00,9.421148562336091603e-03,1.000000000000000000e+00
6.996974789869632172e-01,5.790205356176890694e-01,0.000000000000000000e+00
1.328198700298950152e+00,-4.755879640910941064e-01,1.000000000000000000e+00
1.492836840193152215e+00,-3.505228066070211757e-01,1.000000000000000000e+00
6.856078779741546780e-01,-3.982113553397623740e-01,1.000000000000000000e+00
6.384747963162187290e-01,8.163057197960048583e-01,0.000000000000000000e+00
8.535262297310426405e-01,-6.044523714053074981e-01,1.000000000000000000e+00
-6.203673404945823089e-01,7.222638131573025921e-01,0.000000000000000000e+00
7.305529145558768978e-01,7.262774388183443897e-01,0.000000000000000000e+00
5.069424003539784174e-01,-3.578404554534466153e-01,1.000000000000000000e+00
-9.835170275438569476e-01,3.358234076203286400e-01,0.000000000000000000e+00
1.949086933674681443e+00,3.057555947050610290e-01,1.000000000000000000e+00
2.679091177748803010e-01,9.118723225202256533e-01,0.000000000000000000e+00
-9.862371028516506710e-01,2.010097253491617830e-01,0.000000000000000000e+00
-7.845164201532570658e-01,5.297741004409632914e-01,0.000000000000000000e+00
1.122112236959919462e+00,-5.020328754669188820e-01,1.000000000000000000e+00
9.827542710763450540e-01,5.817164664253960532e-02,0.000000000000000000e+00
9.914921454253571298e-01,-4.206765976802762097e-01,1.000000000000000000e+00
3.123898631233321677e-01,-2.108055320653992037e-01,1.000000000000000000e+00
-8.592976639975181963e-02,1.047285056573922901e+00,0.000000000000000000e+00
9.204677846471763791e-01,1.279578400538453342e-01,0.000000000000000000e+00
1.568853370096761735e+00,-3.220839475270171892e-01,1.000000000000000000e+00
1.843062128352343509e-01,9.416427700355051167e-01,0.000000000000000000e+00
1.755319165839531736e-01,-1.111604405708799814e-01,1.000000000000000000e+00
-8.476915973892124034e-01,4.746059811049710420e-01,0.000000000000000000e+00
-6.415376451532586177e-01,7.350364112689991014e-01,0.000000000000000000e+00
1.622262576340803175e+00,-1.793728240582847522e-01,1.000000000000000000e+00
-6.457019125418170802e-01,7.110200114563729468e-01,0.000000000000000000e+00
9.798861405670000746e-01,4.152725722250215634e-01,0.000000000000000000e+00
2.018450135256967481e+00,4.766088719467402313e-01,1.000000000000000000e+00
-1.428398576687073263e-02,9.229657968964918857e-02,1.000000000000000000e+00
9.297303923541831994e-01,5.491059222488541280e-01,0.000000000000000000e+00
1.550513912253643767e+00,-2.844092140595081419e-01,1.000000000000000000e+00
1.797857721206994830e+00,-1.239110825526040099e-01,1.000000000000000000e+00
7.022364256700497354e-01,7.349992959247326763e-01,0.000000000000000000e+00
7.661966746128732186e-01,6.131272460651484568e-01,0.000000000000000000e+00
1.462080268297962782e+00,-4.821002983446321388e-01,1.000000000000000000e+00
-3.712101819312927601e-03,5.298210427208122075e-01,1.000000000000000000e+00
1.673449731802560958e+00,-1.813589820172026301e-01,1.000000000000000000e+00
1.093758657231463927e+00,-5.088379482093916550e-01,1.000000000000000000e+00
2.302754014050053255e-01,-1.696780497398672205e-01,1.000000000000000000e+00
1.921854774643350972e+00,3.997874443398201638e-01,1.000000000000000000e+00
4.572811823526685138e-01,8.474646632646996025e-01,0.000000000000000000e+00
4.133872728743360203e-01,9.878764793674038591e-01,0.000000000000000000e+00
6.740667443641824574e-01,8.063959544041212624e-01,0.000000000000000000e+00
-7.611524711277672939e-02,1.032616552042136648e+00,0.000000000000000000e+00
1.892503189259643559e+00,-6.469632161302787954e-02,1.000000000000000000e+00
5.429467869940642899e-01,-2.781855730426073814e-01,1.000000000000000000e+00
3.107993112294309412e-01,-2.991163465001269728e-01,1.000000000000000000e+00
-5.781544440950562302e-01,9.450337509185930962e-01,0.000000000000000000e+00
1.649843576794353339e+00,-3.056233730964455497e-01,1.000000000000000000e+00
-9.367856567744501373e-01,2.570115066570970441e-01,0.000000000000000000e+00
-6.509891075254915505e-01,7.827106504742339377e-01,0.000000000000000000e+00
-5.409676652755261994e-01,8.503720937534036128e-01,0.000000000000000000e+00
9.663865376404756624e-01,3.933849245186683552e-01,0.000000000000000000e+00
8.372531226684556405e-01,6.243557273436537436e-01,0.000000000000000000e+00
2.129002824266079119e-01,-1.122620196305468693e-01,1.000000000000000000e+00
1.991101294508791808e+00,2.462287091150434926e-01,1.000000000000000000e+00
8.209194607100149532e-02,5.483788195236417584e-01,1.000000000000000000e+00
1.652563361555348553e+00,-3.089471323610966658e-01,1.000000000000000000e+00
1.166024954774412814e+00,-3.945818948322487030e-01,1.000000000000000000e+00
-1.021801347490081391e-01,4.130971419810305356e-01,1.000000000000000000e+00
2.203896191757577228e-01,-8.667231258263038973e-02,1.000000000000000000e+00
-9.194955988531974267e-01,3.997603318018007057e-01,0.000000000000000000e+00
7.557462612772701538e-03,2.033044460947265319e-01,1.000000000000000000e+00
8.164119610734702492e-01,5.621188839827012673e-01,0.000000000000000000e+00
-5.857124490318589560e-02,1.082340384595659843e+00,0.000000000000000000e+00
5.425772800815648750e-02,3.472534646456780227e-01,1.000000000000000000e+00
1.862822419627643500e+00,2.233307709585601319e-01,1.000000000000000000e+00
3.433177643889717134e-01,8.892314784515527037e-01,0.000000000000000000e+00
3.016190228288862518e-01,8.244790781245725508e-01,0.000000000000000000e+00
1.012674339953703262e+00,-4.849353653636225281e-01,1.000000000000000000e+00
-8.924157451084957504e-01,5.618123729693252910e-01,0.000000000000000000e+00
-4.958623433461917807e-01,8.141144915778434354e-01,0.000000000000000000e+00
-3.223266156523312831e-01,8.191734418851074340e-01,0.000000000000000000e+00
-6.259746673534827277e-01,7.942927816090720183e-01,0.000000000000000000e+00
-9.892833368349887024e-01,1.439509669232584832e-01,0.000000000000000000e+00
-8.790859003476118871e-02,9.737771947276254725e-01,0.000000000000000000e+00
1.028605266076653563e-01,9.122814065976352360e-01,0.000000000000000000e+00
-7.745531998735377677e-01,4.397431299790403036e-01,0.000000000000000000e+00
-9.450729127834393006e-01,1.342618829753899345e-01,0.000000000000000000e+00
6.994150163937047360e-01,6.036272569175578084e-01,0.000000000000000000e+00
1.721766469486479378e+00,-2.006410500423778109e-01,1.000000000000000000e+00
1.016398322980744506e+00,2.449116740238929946e-01,0.000000000000000000e+00
1.412636170770624089e+00,-4.182671041888766372e-01,1.000000000000000000e+00
4.683298347227071723e-01,-3.857688565229864253e-01,1.000000000000000000e+00
8.539817870384632803e-01,-4.772841894668520824e-01,1.000000000000000000e+00
-6.365270866229566504e-01,7.669065433860656755e-01,0.000000000000000000e+00
1.301277038711729617e+00,-4.664567085426727933e-01,1.000000000000000000e+00
-6.558504004808743959e-01,7.413935962341521302e-01,0.000000000000000000e+00
3.955360911414155800e-01,9.890111213831330739e-01,0.000000000000000000e+00
1.803318726664346672e+00,-1.083743878519442677e-01,1.000000000000000000e+00
9.703815839645626440e-01,1.706594053788276430e-02,0.000000000000000000e+00
8.799266439379904714e-01,-5.475505358041130588e-01,1.000000000000000000e+00
8.968714603464535973e-01,3.901637335968309861e-01,0.000000000000000000e+00
4.507208316941471171e-01,-3.261926829894844504e-01,1.000000000000000000e+00
2.007078965798851478e+00,2.663034358356342057e-01,1.000000000000000000e+00
-8.117920732526305860e-01,4.416357325040423665e-01,0.000000000000000000e+00
1.284516175979826924e+00,-5.021486634136306249e-01,1.000000000000000000e+00
5.486833808902968901e-01,9.244920770312939906e-01,0.000000000000000000e+00
1.613878264769080528e-01,1.184843622146503767e-01,1.000000000000000000e+00
1.816640454219386802e+00,-1.048191159820983237e-01,1.000000000000000000e+00
9.905783944863888468e-01,1.772869730261705801e-01,0.000000000000000000e+00
-4.750422192275401412e-01,9.131035784166549041e-01,0.000000000000000000e+00
4.722033863197172554e-01,8.061876398311770275e-01,0.000000000000000000e+00
7.181760222044182296e-01,-5.172501365234902782e-01,1.000000000000000000e+00
1.759911492053301219e+00,-2.279196923943347525e-02,1.000000000000000000e+00
1.568959248158755537e-01,9.341378348256888786e-02,1.000000000000000000e+00
1.769599175511972877e+00,-1.514861544279493821e-01,1.000000000000000000e+00
1.843243432719469777e+00,2.134225226376166851e-01,1.000000000000000000e+00
-9.416813991730256239e-01,4.907874904970015439e-01,0.000000000000000000e+00
1.867028823999253628e+00,-1.227140197669241428e-01,1.000000000000000000e+00
5.621162459229455122e-01,7.974512025408544424e-01,0.000000000000000000e+00
7.499214791949994074e-01,5.837465149417817578e-01,0.000000000000000000e+00
1.050220109740358954e+00,3.567079791108854203e-02,0.000000000000000000e+00
8.637453692584516896e-01,2.990833503993965969e-01,0.000000000000000000e+00
1.056689041407910645e+00,3.077285968823704684e-02,0.000000000000000000e+00
1.544567577593062568e-01,9.814613231926637704e-01,0.000000000000000000e+00
1.171523482205925060e+00,-5.305031458909152953e-01,1.000000000000000000e+00
9.337170527620978211e-01,-4.732085417311845954e-01,1.000000000000000000e+00
1.681823204233871216e+00,-1.576901337484006294e-01,1.000000000000000000e+00
-4.315016142267574240e-01,7.803783588451439490e-01,0.000000000000000000e+00
-1.032910635711719038e+00,2.226253529297014810e-02,0.000000000000000000e+00
1.287459660057268751e+00,-4.782556380466956303e-01,1.000000000000000000e+00
2.595244110405114379e-01,-1.663102828118333820e-01,1.000000000000000000e+00
1.838433207974508266e+00,-6.436393328297036753e-02,1.000000000000000000e+00
4.322187908399316991e-01,9.566981564033982810e-01,0.000000000000000000e+00
1.945788289229568591e+00,9.987767789714309397e-02,1.000000000000000000e+00
1.956592803743375075e+00,2.972714137643716614e-01,1.000000000000000000e+00
2.043995363523077646e+00,3.657066139706035557e-01,1.000000000000000000e+00
8.286750092186873085e-01,-4.617830292911225820e-01,1.000000000000000000e+00
2.458420942876076709e-01,1.075710371755334682e+00,0.000000000000000000e+00
2.009523262475532590e+00,3.645501544789662707e-01,1.000000000000000000e+00
1.717180303061954127e+00,-2.107837086018329587e-01,1.000000000000000000e+00
5.664842546947570501e-01,-3.839044150962030999e-01,1.000000000000000000e+00
-3.729396910489445327e-01,9.253238949593152185e-01,0.000000000000000000e+00
2.739903058211881626e-01,-2.010152236950059068e-01,1.000000000000000000e+00
6.879115597271368010e-01,7.400564795148765196e-01,0.000000000000000000e+00
1.857992543573378230e-01,-9.892429342762872058e-02,1.000000000000000000e+00
8.149055599928767268e-01,5.966844762890622933e-01,0.000000000000000000e+00
-4.400740533476078520e-01,9.438287617804781426e-01,0.000000000000000000e+00
5.528176671920289609e-01,7.226406789399973940e-01,0.000000000000000000e+00
9.683461203203342915e-01,3.960118583656409008e-01,0.000000000000000000e+00
1.164667324263350678e-01,-1.311793332608186535e-01,1.000000000000000000e+00
1.268613834748695268e-01,7.348422515960588430e-02,1.000000000000000000e+00
8.729531815995416055e-01,4.125377203694897688e-01,0.000000000000000000e+00
8.611220309244287385e-01,4.590988537807572656e-01,0.000000000000000000e+00
1.905608250740049581e+00,1.255659255292764231e-01,1.000000000000000000e+00
4.724921195523021367e-01,8.686071071256019627e-01,0.000000000000000000e+00
-1.044360001734947030e+00,-2.954872004159155019e-02,0.000000000000000000e+00
1.479458688311107994e-01,3.978366338651909140e-03,1.000000000000000000e+00
1.751853892149292324e+00,-1.145365343834578303e-01,1.000000000000000000e+00
1.742062989428916908e-01,-9.723713582254585319e-02,1.000000000000000000e+00
1.702899762204915124e+00,-1.601231540462615399e-01,1.000000000000000000e+00
-9.528081112972807132e-01,3.906073303100139893e-01,0.000000000000000000e+00
1.422451569384934889e-01,6.169712585711049913e-02,1.000000000000000000e+00
1.797390506911615393e+00,-6.888920980854425224e-02,1.000000000000000000e+00
1.328545100113311950e-01,8.349423877251459514e-01,0.000000000000000000e+00
7.662118262401410584e-01,-4.303763886404860517e-01,1.000000000000000000e+00
2.020318661061934140e+00,2.407284591120555650e-01,1.000000000000000000e+00
1.285972558424593570e+00,-4.769480838430596448e-01,1.000000000000000000e+00
1.972506571294075695e+00,3.809406194132863160e-02,1.000000000000000000e+00
1.885421348660129004e+00,-3.940695390455802027e-02,1.000000000000000000e+00
7.858056009889768934e-01,6.074777610510876391e-01,0.000000000000000000e+00
-1.112732219161056912e+00,5.564698601067325640e-02,0.000000000000000000e+00
8.324961052581505982e-02,2.093508362867200767e-01,1.000000000000000000e+00
8.928554658269096667e-01,4.137342717550585025e-01,0.000000000000000000e+00
1.583495134215591182e+00,-3.202203488750964833e-01,1.000000000000000000e+00
-9.542771965808288792e-01,2.730273459564189209e-01,0.000000000000000000e+00
8.802940240551927475e-01,6.105662099649933339e-01,0.000000000000000000e+00
2.623948310303808595e-01,9.229543952092331693e-01,0.000000000000000000e+00
3.246528397710052305e-01,-3.129498975763880808e-01,1.000000000000000000e+00
6.656069274743316999e-01,7.544349813679169792e-01,0.000000000000000000e+00
-1.286734185038632683e-01,9.523374526440728793e-01,0.000000000000000000e+00
-2.641391111975194272e-01,1.041309207727993069e+00,0.000000000000000000e+00
8.322398919195847511e-02,4.222161289893087699e-01,1.000000000000000000e+00
6.269221932283980392e-01,7.298097644334622380e-01,0.000000000000000000e+00
9.377426899318648257e-01,5.829900901542488523e-01,0.000000000000000000e+00
4.428076404023789658e-01,9.245905666211970964e-01,0.000000000000000000e+00
1.765739420047004016e+00,-9.235176051478902193e-02,1.000000000000000000e+00
4.104863855874082978e-01,-3.210569887664491695e-01,1.000000000000000000e+00
1.577990244941654296e+00,-3.212785490192043847e-01,1.000000000000000000e+00
-2.376108529412242210e-02,4.224706819112098444e-01,1.000000000000000000e+00
5.152523553907610854e-01,8.680121620442873276e-01,0.000000000000000000e+00
9.590525914514459460e-01,3.261243079109119036e-01,0.000000000000000000e+00
2.057357676159202065e+00,4.306431844796011488e-01,1.000000000000000000e+00
5.523174393958056871e-01,7.540368012202279813e-01,0.000000000000000000e+00
8.802508316266965949e-01,5.435815663393256392e-01,0.000000000000000000e+00
1.769157763443266473e+00,-2.382284304347880854e-01,1.000000000000000000e+00
-1.005510910850035078e+00,2.147654726156159599e-01,0.000000000000000000e+00
1.269460216841567624e+00,-4.502218456367434452e-01,1.000000000000000000e+00
8.999209872477821337e-01,2.740273455618094101e-01,0.000000000000000000e+00
9.460274539854881537e-01,4.953541577366771254e-01,0.000000000000000000e+00
1.964753703671957563e+00,4.125641350256846196e-01,1.000000000000000000e+00
-1.013072423437608949e+00,4.814724049685345508e-03,0.000000000000000000e+00
-1.097233947305079393e+00,1.524914761445499978e-01,0.000000000000000000e+00
1.031578933874636728e-01,1.532369197996454047e-02,1.000000000000000000e+00
2.671943521223334450e-01,-1.859875953023721329e-01,1.000000000000000000e+00
1.989001910638716675e+00,4.390722109649939364e-01,1.000000000000000000e+00
-4.884508606303517575e-01,8.453536893548369013e-01,0.000000000000000000e+00
-3.493323256954999900e-01,8.752846889093166549e-01,0.000000000000000000e+00
-8.143401845544369078e-01,5.635897008345975845e-01,0.000000000000000000e+00
7.129523539007005528e-01,-4.816343090586507891e-01,1.000000000000000000e+00
-8.410334861065950074e-01,4.606584711396115028e-01,0.000000000000000000e+00
1.032035137388859214e+00,1.337671748998898458e-01,0.000000000000000000e+00
3.846274851311684007e-01,8.997977601358573274e-01,0.000000000000000000e+00
9.881355781926527415e-01,5.917538767337329753e-02,0.000000000000000000e+00
1.747547686616411022e+00,-1.523378246750249354e-01,1.000000000000000000e+00
6.470686362160634753e-01,-5.179715151761801195e-01,1.000000000000000000e+00
1.111207610973553361e+00,-4.208106271748994764e-01,1.000000000000000000e+00
-3.125706697106315768e-01,9.307292216389622119e-01,0.000000000000000000e+00
6.913712719765110482e-01,-4.477123631640276269e-01,1.000000000000000000e+00
1.507426101118530370e+00,-4.261175778175953499e-01,1.000000000000000000e+00
1.959397905000708207e+00,-2.393215868895185588e-02,1.000000000000000000e+00
-8.988960709191060605e-01,5.359521493445691398e-01,0.000000000000000000e+00
8.571801067189162016e-01,5.064648614926549053e-01,0.000000000000000000e+00
1.164049387224012744e+00,-4.618378548731129074e-01,1.000000000000000000e+00
1.974911300199017283e+00,3.887160851525284788e-01,1.000000000000000000e+00
-7.306902799836491047e-01,7.790556573416035357e-01,0.000000000000000000e+00
1.011665709819230985e+00,1.242543010142999060e-01,0.000000000000000000e+00
1.197566349532330321e+00,-4.469416072207111901e-01,1.000000000000000000e+00
1.774448868357996201e+00,-2.216104243448755728e-01,1.000000000000000000e+00
-8.092079102145587344e-01,5.789741493926409133e-01,0.000000000000000000e+00
-7.236870553530420080e-01,6.391083549287555066e-01,0.000000000000000000e+00
2.269782637219102117e-01,1.006231608695936641e+00,0.000000000000000000e+00
9.614821546823489884e-01,1.202680222969481905e-01,0.000000000000000000e+00
1.302763921799405256e-01,1.062653856546153630e+00,0.000000000000000000e+00
1.844968625306437349e-01,1.008093811922840644e+00,0.000000000000000000e+00
2.050082569155425194e+00,4.008374598580040082e-01,1.000000000000000000e+00
-8.720211230101312938e-02,9.719310530562091932e-01,0.000000000000000000e+00
-6.629394885493482548e-01,8.195725775066670105e-01,0.000000000000000000e+00
-1.491356860665616138e-02,1.028293779287017484e+00,0.000000000000000000e+00
-1.030304517242877971e+00,1.819117118585122650e-01,0.000000000000000000e+00
1.576671174236630613e+00,-3.328323737713267949e-01,1.000000000000000000e+00
-4.233780895845969117e-02,2.243259583043983318e-01,1.000000000000000000e+00
9.619300601129757156e-02,2.221854046505431224e-01,1.000000000000000000e+00
6.806929187161566697e-01,-4.783448757468702350e-01,1.000000000000000000e+00
-8.100853105366696560e-01,6.286643896781990426e-01,0.000000000000000000e+00
2.207133876762025770e-01,-1.345423537231993649e-01,1.000000000000000000e+00
1.667384631499533754e+00,-2.430525151708438636e-01,1.000000000000000000e+00
1.708487089215613652e+00,-2.266352427687719495e-01,1.000000000000000000e+00
-8.937069909027930414e-01,2.426323719948723645e-01,0.000000000000000000e+00
8.942653711330739164e-01,5.841657888913647234e-01,0.000000000000000000e+00
-8.018354894035997216e-01,5.369499799161125964e-01,0.000000000000000000e+00
2.004884719008397820e+00,2.228088906156158733e-01,1.000000000000000000e+00
6.640996413824058475e-01,-4.494317528793036476e-01,1.000000000000000000e+00
8.504594339675952686e-01,5.343976452482734896e-01,0.000000000000000000e+00
1.580350957601219797e+00,-3.293599431700069413e-01,1.000000000000000000e+00
-7.857946759858599473e-01,5.833931145085333725e-01,0.000000000000000000e+00
2.465310881607874274e-02,3.614899794155307933e-01,1.000000000000000000e+00
1.712659989658858350e+00,-2.494635142518935034e-01,1.000000000000000000e+00
1.179656933917103245e+00,-4.136959864930285780e-01,1.000000000000000000e+00
-1.143222093889891960e-01,9.125375975923442073e-01,0.000000000000000000e+00
6.761257090086714161e-02,-1.808116328523987071e-02,1.000000000000000000e+00
1.117487485084524002e+00,1.106776363351465314e-01,0.000000000000000000e+00
1.885063363242992784e-01,-1.224498630660828535e-01,1.000000000000000000e+00
5.101097087900893778e-03,4.473612696871656635e-01,1.000000000000000000e+00
9.144148616598999357e-01,2.482200600126530377e-01,0.000000000000000000e+00
1.625779965531347848e+00,-2.793437184693322028e-01,1.000000000000000000e+00
6.406463378379486651e-01,-4.469459611898247142e-01,1.000000000000000000e+00
-9.933451732636057185e-01,7.947644760319386159e-02,0.000000000000000000e+00
-1.802817583908102872e-01,8.766481157527260537e-01,0.000000000000000000e+00
1.418119101551078121e+00,-3.312278168167073766e-01,1.000000000000000000e+00
1.928046376360755265e-01,-1.194762035143053097e-01,1.000000000000000000e+00
-3.807690386911247171e-01,9.286940304656197132e-01,0.000000000000000000e+00
7.496402274420107537e-01,6.892784717075773893e-01,0.000000000000000000e+00
6.464775821241632858e-01,-5.103511054599848551e-01,1.000000000000000000e+00
-6.292980416754410111e-01,6.686635916226623122e-01,0.000000000000000000e+00
-9.319853102328512495e-01,4.778147020479935891e-01,0.000000000000000000e+00
5.946831601938484813e-02,1.034277162988284093e+00,0.000000000000000000e+00
2.027676920478425071e+00,4.096211616132737765e-01,1.000000000000000000e+00
2.010251116709985908e+00,4.155515657306865784e-01,1.000000000000000000e+00
1.081785571475984087e+00,-4.923114658606855820e-01,1.000000000000000000e+00
1.615601049285233737e+00,-2.440711542950889656e-01,1.000000000000000000e+00
6.890122652764057998e-02,1.086899021143103328e+00,0.000000000000000000e+00
6.768542381680635600e-01,8.010743185426625335e-01,0.000000000000000000e+00
-9.858103559843823804e-01,3.277578691515813381e-01,0.000000000000000000e+00
1.839507853049493713e+00,-3.603518560764933792e-02,1.000000000000000000e+00
4.269140905266648467e-01,-3.647368269815564612e-01,1.000000000000000000e+00
7.051842915400879930e-01,8.453801579592062909e-01,0.000000000000000000e+00
9.928490086930656933e-01,6.627485621115369874e-02,0.000000000000000000e+00
6.707304213680969074e-01,6.470253348755895528e-01,0.000000000000000000e+00
7.799594885268683608e-01,-4.254780557438629929e-01,1.000000000000000000e+00
5.171617131220374031e-01,8.250289473394526452e-01,0.000000000000000000e+00
1.283617992936607610e+00,-3.880776228667549566e-01,1.000000000000000000e+00
1.924832058917581579e+00,1.650663887210313541e-01,1.000000000000000000e+00
-4.627060632083814240e-01,9.712506386878405618e-01,0.000000000000000000e+00
1.944846378370444828e+00,3.845976048501235089e-01,1.000000000000000000e+00
8.414858124853664967e-02,9.418850783190420017e-01,0.000000000000000000e+00
-9.748260642787717201e-01,9.214759338385189458e-02,0.000000000000000000e+00
6.659666173181879589e-01,7.502455676110079130e-01,0.000000000000000000e+00
1.837626602983470470e+00,-1.116935289936990955e-01,1.000000000000000000e+00
8.704720539383375977e-01,4.634828499131218860e-01,0.000000000000000000e+00
-8.971230588828970065e-01,4.292815268295713249e-01,0.000000000000000000e+00
8.110126436236447800e-01,-4.531016298738628767e-01,1.000000000000000000e+00
-9.232599108406754074e-02,2.928168142805596119e-01,1.000000000000000000e+00
2.026654201296380631e+00,5.920474965247811694e-01,1.000000000000000000e+00
3.161908023921939509e-02,1.077604450676724168e+00,0.000000000000000000e+00
-5.285828795285200110e-01,8.390995583553002568e-01,0.000000000000000000e+00
1.921854376096937322e+00,2.403474956324419265e-01,1.000000000000000000e+00
-9.682303091969196585e-01,1.261410440747569306e-01,0.000000000000000000e+00
2.243799653192550814e-01,-1.141916202863431026e-02,1.000000000000000000e+00
2.792320602423085107e-01,-3.177392696464841904e-01,1.000000000000000000e+00
9.373054994143815710e-01,3.375279645738287759e-01,0.000000000000000000e+00
-3.942005241853303588e-01,9.662174364731421772e-01,0.000000000000000000e+00
9.959728523747404250e-01,2.371576810365708665e-01,0.000000000000000000e+00
-8.146219903840417054e-01,4.018379005134230519e-01,0.000000000000000000e+00
-4.506037902430790054e-01,8.091127123116160780e-01,0.000000000000000000e+00
5.716662676925803321e-01,8.373345644679524025e-01,0.000000000000000000e+00
3.708019320477104475e-01,9.985387654325179607e-01,0.000000000000000000e+00
-8.066887816507681830e-01,7.015531695339608520e-01,0.000000000000000000e+00
2.847157525906703762e-02,1.029734896726534066e+00,0.000000000000000000e+00
1.655643628253367083e+00,-2.554623637236759226e-01,1.000000000000000000e+00
6.741558114335919338e-01,-4.308023901462806338e-01,1.000000000000000000e+00
-8.947774200772876663e-01,4.567751491602247138e-01,0.000000000000000000e+00
5.732176158876475247e-01,8.119860195729914354e-01,0.000000000000000000e+00
3.346984120948908736e-01,-2.955332501983577442e-01,1.000000000000000000e+00
1.924204633603509684e+00,1.151094576760900157e-01,1.000000000000000000e+00
5.395951376944829736e-01,-3.144775756806096334e-01,1.000000000000000000e+00
-1.265666470235819741e-01,3.041892388362453792e-01,1.000000000000000000e+00
-9.440309421080834706e-01,3.291453602658775957e-01,0.000000000000000000e+00
7.803843030004453674e-01,-5.649272434544064803e-01,1.000000000000000000e+00
7.600022522935592217e-01,6.074913472180999419e-01,0.000000000000000000e+00
1.771633457182572702e+00,2.786276202643995711e-02,1.000000000000000000e+00
1.448602207865389013e-01,1.672805047022556946e-01,1.000000000000000000e+00
2.780146671375316458e-01,9.252771996453194037e-01,0.000000000000000000e+00
1.947333627947370749e+00,2.754755169633212319e-01,1.000000000000000000e+00
4.560646967246578809e-01,8.609514499583199587e-01,0.000000000000000000e+00
9.824573143616324722e-02,-4.271657210001531674e-03,1.000000000000000000e+00
1.080576338947673243e+00,1.984114861844388511e-01,0.000000000000000000e+00
8.591922761246905127e-01,4.460972087084418836e-01,0.000000000000000000e+00
-2.350939405499948287e-01,9.869322788078911390e-01,0.000000000000000000e+00
-3.762267716035291309e-01,8.926865275299105118e-01,0.000000000000000000e+00
1.054402145946266467e+00,-4.413362162048098947e-01,1.000000000000000000e+00
6.271757821725024717e-01,-3.988291477658916784e-01,1.000000000000000000e+00
3.134710058539538768e-02,2.119094955774286082e-01,1.000000000000000000e+00
9.967650682517535943e-01,2.260117587695083530e-01,0.000000000000000000e+00
4.949955740629452539e-03,9.375718007220285033e-01,0.000000000000000000e+00
6.044563911884204277e-01,-5.591499326125938252e-01,1.000000000000000000e+00
1.019278816889612971e+00,-4.703073975713970012e-01,1.000000000000000000e+00
-9.085699303627056134e-01,2.088771216581185031e-01,0.000000000000000000e+00
1.757336956827391661e-01,9.121549876619314823e-01,0.000000000000000000e+00
-9.227818674043397618e-01,1.235498358223583171e-01,0.000000000000000000e+00
9.685861219927264232e-01,3.166711536603484256e-01,0.000000000000000000e+00
-7.969890213330308448e-01,6.912151659830906292e-01,0.000000000000000000e+00
7.474402881907189489e-01,-5.690499009691007970e-01,1.000000000000000000e+00
-1.257648772680242805e-02,4.991908662630308302e-01,1.000000000000000000e+00
-8.791846238774857492e-01,5.000087851193409927e-01,0.000000000000000000e+00
1.840476544821713967e+00,-2.367379647576730584e-01,1.000000000000000000e+00
9.605930157632759370e-01,2.328861545884279294e-01,0.000000000000000000e+00
1.707687906314933279e+00,-2.074497289050743487e-01,1.000000000000000000e+00
3.080388765595085815e-02,3.937889036349100924e-01,1.000000000000000000e+00
1.288305762056569437e+00,-4.374790227750295357e-01,1.000000000000000000e+00
2.928158326932045474e-02,4.743700250193609858e-01,1.000000000000000000e+00
-9.928543859343027522e-01,3.661080484862440088e-01,0.000000000000000000e+00
1.203256472487714612e+00,-4.343232352381313222e-01,1.000000000000000000e+00
1.076657890951961821e-01,3.024906835135193761e-01,1.000000000000000000e+00
1.953172052886721133e+00,-3.189949942991139598e-02,1.000000000000000000e+00
9.132456220725199136e-01,-4.567155812697084594e-01,1.000000000000000000e+00
6.516192893970330913e-02,2.801242962370927847e-01,1.000000000000000000e+00
-9.712691080557095402e-01,3.822317935290500679e-01,0.000000000000000000e+00
1.010505751176583034e-01,-9.970400823864297712e-02,1.000000000000000000e+00
-1.364965750786145404e-01,9.762328258366705924e-01,0.000000000000000000e+00
-1.352025821961919949e-01,9.917321108016303732e-01,0.000000000000000000e+00
4.890554515581266859e-01,-2.941633681278046919e-01,1.000000000000000000e+00
5.642528226141083070e-02,1.053999881686469964e+00,0.000000000000000000e+00
6.991950235220373289e-01,-5.171987699655794524e-01,1.000000000000000000e+00
-1.632885634902545291e-01,9.304182290902597297e-01,0.000000000000000000e+00
-8.929936947154719640e-01,6.522936387687614523e-01,0.000000000000000000e+00
2.802773254564088767e-01,9.709743337143184050e-01,0.000000000000000000e+00
1.179259683907224243e+00,-5.385905610038859148e-01,1.000000000000000000e+00
1.510880383489377587e+00,-3.295365309219917549e-01,1.000000000000000000e+00
8.656146705295556520e-01,6.351501767639671225e-01,0.000000000000000000e+00
3.985252839910238265e-01,-1.730155707826421252e-01,1.000000000000000000e+00
1.121644761306689331e-01,9.971498911716243363e-01,0.000000000000000000e+00
-4.957487233719393149e-01,9.736818179393896822e-01,0.000000000000000000e+00
3.734976769697088278e-03,4.321776644497164477e-01,1.000000000000000000e+00
8.603864570058381567e-01,4.544075851943439881e-01,0.000000000000000000e+00
1.456914232802818843e+00,-3.298350802558943640e-01,1.000000000000000000e+00
5.804053188270735797e-01,7.800019502683015471e-01,0.000000000000000000e+00
-5.691896256641320040e-01,7.900237871270002765e-01,0.000000000000000000e+00
8.178785380366235813e-01,4.096777991179160749e-01,0.000000000000000000e+00
2.036120151249332100e+00,5.098445065914897212e-01,1.000000000000000000e+00
9.478477010756274357e-01,1.992958977361399819e-01,0.000000000000000000e+00
-2.844670452697401486e-01,9.584863248639675648e-01,0.000000000000000000e+00
1.927796932530689844e+00,1.797067704929329879e-01,1.000000000000000000e+00
1.774486980635513467e+00,-9.784024915640232578e-02,1.000000000000000000e+00
8.189144812600936962e-01,5.727973313617706896e-01,0.000000000000000000e+00
2.064384701595911142e+00,4.026597808338178708e-01,1.000000000000000000e+00
1.184264011281907614e+00,-4.662174042814415387e-01,1.000000000000000000e+00
7.297331397557280663e-01,7.551694440271574660e-01,0.000000000000000000e+00
-4.686605932155061272e-01,9.110874617854646251e-01,0.000000000000000000e+00
1.863214384988413519e+00,-5.346091136402467137e-02,1.000000000000000000e+00
6.250964671567693642e-01,7.670231887464541431e-01,0.000000000000000000e+00
4.188644226635722667e-01,-3.115540515740344296e-01,1.000000000000000000e+00
2.037089647745769394e+00,4.315412520782866412e-01,1.000000000000000000e+00
1.035978696788566022e+00,-5.201301877731568934e-01,1.000000000000000000e+00
9.100105022661139631e-02,2.345379507624655302e-01,1.000000000000000000e+00
8.682504271849438293e-01,-4.070333652746381814e-01,1.000000000000000000e+00
-1.029164986677026716e+00,5.721402009427829782e-02,0.000000000000000000e+00
1.025518278319061283e+00,1.059713044805385973e-01,0.000000000000000000e+00
-5.207695296033749699e-01,9.260015151894528396e-01,0.000000000000000000e+00
7.431160233142140026e-01,6.434231775203440584e-01,0.000000000000000000e+00
1.281800606147368349e+00,-3.911818490803301573e-01,1.000000000000000000e+00
-2.057929906029884459e-01,1.036954804676121000e+00,0.000000000000000000e+00
1.005838250550796564e+00,-4.732717684314166062e-01,1.000000000000000000e+00
1.521840128541326331e+00,-3.801725575449576566e-01,1.000000000000000000e+00
4.128348250294018862e-01,-3.805421795039753419e-01,1.000000000000000000e+00
9.036083357760740231e-01,5.827147355954735986e-01,0.000000000000000000e+00
6.316331533170772561e-01,7.524563566443615015e-01,0.000000000000000000e+00
1.390308655654388437e+00,-3.995089307687555991e-01,1.000000000000000000e+00
3.636753604524819994e-01,8.919762993766044978e-01,0.000000000000000000e+00
-8.366967116908691215e-01,6.776469501302897491e-01,0.000000000000000000e+00
6.501955796936872978e-02,1.101271591874626754e+00,0.000000000000000000e+00
1.506319873746527094e+00,-3.800757351716185228e-01,1.000000000000000000e+00
-1.004848412894128629e+00,8.553746293887488222e-03,0.000000000000000000e+00
-9.422626674508276512e-01,3.439025150903881611e-01,0.000000000000000000e+00
5.384106193183431088e-01,-5.102533406555052053e-01,1.000000000000000000e+00
-9.409034625634180582e-01,1.734148797786852214e-01,0.000000000000000000e+00
-4.217707407864798030e-01,8.347272525291660195e-01,0.000000000000000000e+00
1.220267848795013599e-01,9.860343203478327823e-01,0.000000000000000000e+00
7.661248576814940758e-01,6.242534008286597658e-01,0.000000000000000000e+00
1.368216754499822940e+00,-3.849506717926245436e-01,1.000000000000000000e+00
9.602593834349210100e-01,2.656818931757049529e-01,0.000000000000000000e+00
5.086331117478423147e-01,-3.086382204035312271e-01,1.000000000000000000e+00
2.899567272189928491e-01,-2.511428179728497634e-01,1.000000000000000000e+00
2.176040240002783399e-01,1.068878447643938800e+00,0.000000000000000000e+00
-1.972951170218454620e-01,8.934281887938577693e-01,0.000000000000000000e+00
1.048130705924330330e+00,-4.636412923813567621e-01,1.000000000000000000e+00
1.186330833869880808e-01,1.072142654447358456e+00,0.000000000000000000e+00
6.234618517644638924e-01,-4.048971771027241595e-01,1.000000000000000000e+00
-1.901858181521171309e-01,1.041091388035588761e+00,0.000000000000000000e+00
-6.293660348140410477e-02,9.900941539261941537e-01,0.000000000000000000e+00
1.923217760836712920e+00,4.086980283618550369e-01,1.000000000000000000e+00
9.336779473554034370e-01,2.334831326190848488e-01,0.000000000000000000e+00
8.054869183241583630e-02,7.898096789567127241e-03,1.000000000000000000e+00
-4.967795812218425699e-01,7.834169571822890976e-01,0.000000000000000000e+00
-4.400161927091508773e-01,9.260058938728992217e-01,0.000000000000000000e+00
3.457631058395838064e-02,7.390123886384804275e-02,1.000000000000000000e+00
-7.237077402529854542e-01,6.925581764813951713e-01,0.000000000000000000e+00
9.590755706072703335e-01,5.485224232508169040e-01,0.000000000000000000e+00
3.366642306139306928e-01,-3.495811605827953139e-01,1.000000000000000000e+00
1.957462484682207071e+00,9.241509620234231170e-02,1.000000000000000000e+00
1.596094779408908870e+00,-4.173721712100842418e-01,1.000000000000000000e+00
7.408343712529333880e-01,-3.349336644274611974e-01,1.000000000000000000e+00
8.153341765875191660e-01,-5.424565414652111617e-01,1.000000000000000000e+00
-9.051912621450979302e-01,4.639482104596240331e-02,0.000000000000000000e+00
5.843199612685867628e-03,2.058992119845363122e-01,1.000000000000000000e+00
9.454041312273710196e-02,1.715382671986279139e-01,1.000000000000000000e+00
1.007618494940547338e+00,-4.962450094171007575e-01,1.000000000000000000e+00
-9.708131859850740453e-01,2.977307968222240864e-01,0.000000000000000000e+00
1.946837649603897047e+00,1.160868986632573457e-01,1.000000000000000000e+00
1.610956678598681080e+00,-2.923744592332132575e-01,1.000000000000000000e+00
1.284132969907175070e+00,-4.444224388344171772e-01,1.000000000000000000e+00
-7.224702918985193012e-01,7.030845515599339901e-01,0.000000000000000000e+00
5.234782383823482349e-02,2.207298368742945938e-01,1.000000000000000000e+00
8.854689094040477659e-01,-4.977667429847276170e-01,1.000000000000000000e+00
7.210087399586609935e-01,-4.990708584321880692e-01,1.000000000000000000e+00
1.630455925739245693e+00,-2.227503102177271765e-01,1.000000000000000000e+00
3.530657102208706322e-01,-1.525105636026480582e-01,1.000000000000000000e+00
-8.365848636724035892e-01,6.221814410873378609e-01,0.000000000000000000e+00
8.356687019423847396e-01,5.567823799677862340e-01,0.000000000000000000e+00
1.167751234932224547e+00,-5.403323914555784313e-01,1.000000000000000000e+00
3.684082218668920626e-03,5.087586421593789376e-01,1.000000000000000000e+00
6.221718073816944194e-01,-3.829834574656827972e-01,1.000000000000000000e+00
-5.485659770577018257e-01,9.221909487416423135e-01,0.000000000000000000e+00
1.990225903233768134e+00,2.206663414271217705e-02,1.000000000000000000e+00
2.054749531748412683e-01,-1.027280101290463654e-01,1.000000000000000000e+00
9.136036163127454479e-01,5.329632463949678378e-01,0.000000000000000000e+00
9.760894368949990518e-01,-4.079974494917381622e-01,1.000000000000000000e+00
1.268190795860980824e+00,-4.344514628638719289e-01,1.000000000000000000e+00
-6.373519232960448422e-01,7.879543756906474128e-01,0.000000000000000000e+00
-3.144461539288619378e-01,1.020717600960422633e+00,0.000000000000000000e+00
-1.025544015966082467e+00,1.732172120805131055e-01,0.000000000000000000e+00
3.213614918245158991e-01,-7.192623544797403790e-02,1.000000000000000000e+00
1.907125777946498291e+00,1.997622692433527192e-01,1.000000000000000000e+00
1.050979052894188248e+00,1.345685284594030362e-01,0.000000000000000000e+00
3.414418894569870577e-01,9.698752015410908589e-01,0.000000000000000000e+00
8.169917231917914746e-01,5.367855726975079289e-01,0.000000000000000000e+00
1.915167954656875171e+00,2.207766336447266609e-01,1.000000000000000000e+00
2.965406449741559564e-02,9.553652625070233051e-02,1.000000000000000000e+00
7.576378698903816211e-01,6.259104387263013658e-01,0.000000000000000000e+00
1.237858514991940106e+00,-4.644410848565165839e-01,1.000000000000000000e+00
7.343987385181901528e-01,-3.595916537670106328e-01,1.000000000000000000e+00
1.071076397399576940e+00,-4.834966499322988498e-01,1.000000000000000000e+00
9.383189753656755172e-02,2.296658133144662273e-01,1.000000000000000000e+00
-1.335116944815701867e-01,1.098553445338821932e+00,0.000000000000000000e+00
4.156848054816499327e-01,-3.096932642043627726e-01,1.000000000000000000e+00
2.028127579159128668e+00,5.426034451387659052e-01,1.000000000000000000e+00
6.790796673653715088e-02,9.539481133991207784e-01,0.000000000000000000e+00
-8.940371053935063372e-01,4.277728505050140684e-01,0.000000000000000000e+00
9.733592507692588880e-01,1.019687912343975739e-01,0.000000000000000000e+00
1.783866617675184951e+00,-2.511701009530936668e-01,1.000000000000000000e+00
6.796056927818292515e-01,7.745960913090302880e-01,0.000000000000000000e+00
-1.039537973184389896e+00,-7.121245329822707693e-02,0.000000000000000000e+00
9.770440284905220762e-01,4.606693530612990251e-02,0.000000000000000000e+00
9.545957957695067053e-01,4.475659020264142196e-01,0.000000000000000000e+00
1.241562303560108438e+00,-4.755734836819794920e-01,1.000000000000000000e+00
1.932843167277088714e+00,1.199490900464266485e-01,1.000000000000000000e+00
1.682856305035743238e+00,-2.277944208140675608e-01,1.000000000000000000e+00
-5.658028240794537034e-01,8.016364832217647285e-01,0.000000000000000000e+00
1.966636312953899957e-01,-1.313696421547974058e-01,1.000000000000000000e+00
4.418576286576365170e-02,2.094791904840077601e-01,1.000000000000000000e+00
-1.290699700430884278e-01,9.092421874995997300e-01,0.000000000000000000e+00
-3.016871365295533680e-01,8.757222911713928859e-01,0.000000000000000000e+00
1.670284316216012588e+00,-1.950087958552746970e-01,1.000000000000000000e+00
3.876882012860251997e-02,2.856491113609062049e-01,1.000000000000000000e+00
8.252034405965865682e-01,5.370236707148307032e-01,0.000000000000000000e+00
7.179495219758131874e-01,6.465241974382472945e-01,0.000000000000000000e+00
-1.120606426661044708e+00,1.728975584349838890e-01,0.000000000000000000e+00
-9.333616041318090750e-02,9.803967927291868945e-01,0.000000000000000000e+00
-6.665879950993250924e-01,7.507962529553444675e-01,0.000000000000000000e+00
7.488093271578527554e-01,7.820704852178519406e-01,0.000000000000000000e+00
-9.194838384580700241e-01,5.430957413226653596e-01,0.000000000000000000e+00
-7.710034811286268219e-01,5.724828625483447953e-01,0.000000000000000000e+00
7.785343129358771597e-01,-4.884170559626971331e-01,1.000000000000000000e+00
6.873478526943499478e-01,6.898604981482693299e-01,0.000000000000000000e+00
1.526142932759146031e+00,-3.533850350386401606e-01,1.000000000000000000e+00
-7.343667482790841583e-02,3.495227017619203513e-01,1.000000000000000000e+00
8.551669235545882319e-01,-5.646288108156030106e-01,1.000000000000000000e+00
-1.283088574993115072e-01,9.644148048323134548e-01,0.000000000000000000e+00
5.001686271941019335e-01,-4.079192291280568372e-01,1.000000000000000000e+00
1.583151188452162961e+00,-3.159500015535756656e-01,1.000000000000000000e+00
1.674218386580976548e+00,-2.035065200241489569e-01,1.000000000000000000e+00
4.705161673679161272e-01,-3.020333485920515537e-01,1.000000000000000000e+00
9.711924884434324640e-03,3.454257865669789207e-01,1.000000000000000000e+00
7.048425034899915564e-01,7.626439323803723136e-01,0.000000000000000000e+00
3.727684302897826263e-01,9.227569620141297113e-01,0.000000000000000000e+00
-6.823125527593107975e-01,7.318783640900801135e-01,0.000000000000000000e+00
9.397760946744333488e-01,2.940356258599878814e-01,0.000000000000000000e+00
8.518569767304651208e-01,-5.428831700471111743e-01,1.000000000000000000e+00
-3.988896656247990780e-02,1.013552120468954154e+00,0.000000000000000000e+00
1.045096116760013016e+00,1.523972878014437371e-01,0.000000000000000000e+00
1.910424391938485789e+00,1.621296206599426859e-01,1.000000000000000000e+00
6.724488560584481744e-01,-4.741910034539906227e-01,1.000000000000000000e+00
3.925726656815164972e-02,1.861328660705814375e-01,1.000000000000000000e+00
5.318906091337275432e-01,8.902221345808334352e-01,0.000000000000000000e+00
1.953668557348089641e+00,2.715854014327291899e-01,1.000000000000000000e+00
5.402102341802954566e-01,-3.744060655253773628e-01,1.000000000000000000e+00
-5.973780237878466570e-01,7.696217308202443208e-01,0.000000000000000000e+00
1.278020828523071639e+00,-4.581722326547762458e-01,1.000000000000000000e+00
1.561760392123846541e-01,9.430607529627267616e-02,1.000000000000000000e+00
1.189649217120096747e+00,-4.327652996767321625e-01,1.000000000000000000e+00
-9.094837329149855210e-01,2.518471441074667805e-01,0.000000000000000000e+00
4.805326973688075487e-01,-3.685172940398795394e-01,1.000000000000000000e+00
-3.032491083293300527e-01,9.577913677647341695e-01,0.000000000000000000e+00
-9.377301946138842936e-01,3.240735141908241412e-01,0.000000000000000000e+00
-2.067259683563697076e-02,1.006820481669606249e+00,0.000000000000000000e+00
4.360160045612025970e-01,-3.408583506542653407e-01,1.000000000000000000e+00
3.493681017399685174e-01,8.862338798621159919e-01,0.000000000000000000e+00
3.988221330051829328e-01,-2.624589720484328814e-01,1.000000000000000000e+00
8.357746523985574161e-01,-4.658082878195977106e-01,1.000000000000000000e+00
1.249811776068950192e-01,1.014612272937536197e+00,0.000000000000000000e+00
1.150299277737121484e+00,-5.828051749115825686e-01,1.000000000000000000e+00
1.161713726986820294e+00,-5.265501172838337185e-01,1.000000000000000000e+00
-9.059943166227488742e-01,4.100403507115344404e-01,0.000000000000000000e+00
1.875831833740238541e-01,9.715158907218213180e-01,0.000000000000000000e+00
9.990013521249087036e-01,2.022906701612199876e-01,0.000000000000000000e+00
9.885673254936430121e-01,-5.908728597065762145e-01,1.000000000000000000e+00
7.759818965176642491e-01,6.930847843861139834e-01,0.000000000000000000e+00
2.447633027442477072e-01,-1.952124081404271738e-01,1.000000000000000000e+00
-7.418266921666896163e-01,5.083648589799178996e-01,0.000000000000000000e+00
1.206525968355396605e+00,-5.223053578789003115e-01,1.000000000000000000e+00
-3.474652991051042639e-01,9.157390426717012533e-01,0.000000000000000000e+00
1.373136049996768415e+00,-4.080889078335532272e-01,1.000000000000000000e+00
2.019099316812569711e+00,2.531473657001254152e-01,1.000000000000000000e+00
-1.932505518421234747e-02,2.964480689446631345e-01,1.000000000000000000e+00
-9.991537991705190525e-01,3.481663598234269741e-01,0.000000000000000000e+00
1.975475870051348171e+00,2.250435934759998369e-01,1.000000000000000000e+00
8.641744507579627310e-01,1.215774989927781158e-01,0.000000000000000000e+00
1.974994262926047739e+00,5.053667483537832572e-02,1.000000000000000000e+00
4.546547948981878307e-01,8.384333402832223614e-01,0.000000000000000000e+00
4.771171877426554908e-01,8.620051902607034355e-01,0.000000000000000000e+00
8.724463644740361179e-01,4.710816935947516604e-01,0.000000000000000000e+00
1.590317094616866989e+00,-3.183344964763804019e-01,1.000000000000000000e+00
1.351963129796595053e+00,-4.849330942171538039e-01,1.000000000000000000e+00
2.616877827830403902e-01,8.951923690436567327e-01,0.000000000000000000e+00
1.809892372415641937e+00,6.143592190146568432e-02,1.000000000000000000e+00
6.881990456693690139e-02,2.514600041211327852e-01,1.000000000000000000e+00
1.144436597240794162e+00,-5.617290959289992225e-01,1.000000000000000000e+00
-1.232694182616205225e-01,9.843247110101326358e-01,0.000000000000000000e+00
-7.213663108978773941e-02,1.029531376974448742e+00,0.000000000000000000e+00
-4.736440758066424728e-01,8.631195017822723692e-01,0.000000000000000000e+00
-2.510743541095831199e-01,9.810657240823212888e-01,0.000000000000000000e+00
-3.367855774465264851e-01,9.898549710863574491e-01,0.000000000000000000e+00
1.373846146246577193e+00,-4.243811122008824821e-01,1.000000000000000000e+00
7.119192360564944311e-01,6.978973859478821984e-01,0.000000000000000000e+00
5.394140656284280855e-01,-3.379538404003599172e-01,1.000000000000000000e+00
2.469171561517148061e-01,8.998764455832016784e-01,0.000000000000000000e+00
6.201350245932574223e-01,8.248531194976780334e-01,0.000000000000000000e+00
1.137070409445009700e+00,-4.686025762645945614e-01,1.000000000000000000e+00
7.982840455235193367e-02,2.163640473150337321e-02,1.000000000000000000e+00
7.544179019199179770e-01,-4.855688514647772958e-01,1.000000000000000000e+00
1.509766550312928945e+00,-4.006608110257697808e-01,1.000000000000000000e+00
2.003498150093098729e-01,-5.341185412896764378e-02,1.000000000000000000e+00
8.223837966072164996e-01,4.670347364073958452e-01,0.000000000000000000e+00
1.821702333403567131e+00,-6.107524282124195819e-02,1.000000000000000000e+00
-9.287321118927019947e-01,5.261818851382766837e-01,0.000000000000000000e+00
2.872643485718947010e-01,-1.278810671032555302e-01,1.000000000000000000e+00
1.982977649879990034e+00,3.707034995267546873e-01,1.000000000000000000e+00
2.186460447749943165e-02,2.427575076261873632e-01,1.000000000000000000e+00
4.167098269375545949e-01,-2.919658615969706883e-01,1.000000000000000000e+00
3.162857726141822812e-01,-1.639853208267370854e-01,1.000000000000000000e+00
1.430876659879586121e+00,-3.354673514367549347e-01,1.000000000000000000e+00
2.926156319622243984e-01,-1.193881056334727270e-01,1.000000000000000000e+00
8.160778159100882112e-01,5.259145164824022833e-01,0.000000000000000000e+00
1.960783882595665606e+00,1.689006258453462361e-01,1.000000000000000000e+00
5.797920590584326739e-01,-3.436520488199602541e-01,1.000000000000000000e+00
1.013340590222287396e+00,2.746287918006959372e-01,0.000000000000000000e+00
8.565098926442985539e-01,-4.557281216930359480e-01,1.000000000000000000e+00
3.398492501336538574e-01,9.268434428636534994e-01,0.000000000000000000e+00
-4.921312159319351509e-01,9.105153252382455209e-01,0.000000000000000000e+00
-9.496459737663029976e-01,1.764887354759890892e-01,0.000000000000000000e+00
-7.611646722646655538e-01,7.561121665286929527e-01,0.000000000000000000e+00
7.387165261176141806e-01,-4.127910239758865174e-01,1.000000000000000000e+00
1.531484769690754921e-01,9.421083571428411352e-01,0.000000000000000000e+00
1.915041152444543648e+00,1.606576623732131615e-01,1.000000000000000000e+00
9.674926318740251219e-01,3.648463687859004878e-01,0.000000000000000000e+00
2.806943198672794404e-01,-3.032324735938101701e-01,1.000000000000000000e+00
-6.499333878514998997e-01,8.594933022452646565e-01,0.000000000000000000e+00
-8.838491165979851516e-01,3.545861073818729614e-01,0.000000000000000000e+00
4.409024615890334842e-02,4.662265259991434097e-02,1.000000000000000000e+00
-1.017791295044150113e+00,6.721239290854373605e-02,0.000000000000000000e+00
-1.799548681552925744e-01,8.984750323482555423e-01,0.000000000000000000e+00
1.754535957760382070e+00,-1.046446092725162869e-01,1.000000000000000000e+00
1.834056809167134428e-01,-1.298447435614083212e-01,1.000000000000000000e+00
9.935070412086609570e-01,-5.062532873688639912e-01,1.000000000000000000e+00
4.110981397807470517e-01,-3.020281674533672467e-01,1.000000000000000000e+00
2.039733837033413266e+00,1.616844622433261380e-01,1.000000000000000000e+00
1.878634202394888097e+00,3.549547004039266818e-01,1.000000000000000000e+00
1.857232839475992048e+00,4.097151682175693976e-02,1.000000000000000000e+00
1.920552299296339305e+00,3.125397912119041721e-01,1.000000000000000000e+00
1.963272493507325356e+00,3.784640617160508480e-01,1.000000000000000000e+00
5.714401205532466665e-01,8.131399446306776246e-01,0.000000000000000000e+00
7.474534315792354944e-01,6.420577718248183796e-01,0.000000000000000000e+00
1.041618948963315860e+00,-5.290940210968472224e-01,1.000000000000000000e+00
9.055634114539535817e-01,6.733779005947362895e-02,0.000000000000000000e+00
7.802035693030914265e-01,6.118820638350845886e-01,0.000000000000000000e+00
-6.597860168680533821e-01,7.709818758774225067e-01,0.000000000000000000e+00
1.717844295518093034e+00,-2.404345329865240077e-01,1.000000000000000000e+00
-5.971221241131658974e-01,7.484394888015031277e-01,0.000000000000000000e+00
4.843504048998885092e-01,-4.149513799691740279e-01,1.000000000000000000e+00
9.474872626607706572e-01,1.201987493853466926e-01,0.000000000000000000e+00
9.702383736293300753e-01,3.890452321550567083e-01,0.000000000000000000e+00
9.396004182280714989e-01,3.862383671834804938e-02,0.000000000000000000e+00
-7.872379049765485526e-01,4.675053164104652770e-01,0.000000000000000000e+00
-4.898762209988627991e-01,8.771538527810984753e-01,0.000000000000000000e+00
-9.246574852068074613e-01,4.890648769005047081e-01,0.000000000000000000e+00
9.145461553237065333e-01,-4.386420285112322959e-01,1.000000000000000000e+00
2.265119363640914762e-02,9.290775513477440573e-01,0.000000000000000000e+00
1.320897691086773407e-01,9.751186527695872019e-01,0.000000000000000000e+00
2.423650328380730357e-01,-1.212084231757224739e-01,1.000000000000000000e+00
7.729120437455849757e-01,6.962952773422789177e-01,0.000000000000000000e+00
-4.920999706805628815e-01,8.631007265513614968e-01,0.000000000000000000e+00
6.508041073790760134e-01,7.270894819640040252e-01,0.000000000000000000e+00
-1.339501346393178471e-01,1.076166800138066204e+00,0.000000000000000000e+00
-7.143459383460109002e-01,6.384648383454090137e-01,0.000000000000000000e+00
1.426323831586230884e-01,1.048966559895310402e+00,0.000000000000000000e+00
5.102757727886078065e-01,8.946499779753784853e-01,0.000000000000000000e+00
1.957812205611013212e+00,1.361367447441412248e-01,1.000000000000000000e+00
4.307494897104539033e-01,7.734953411267148082e-01,0.000000000000000000e+00
1.626303943282552344e+00,-3.204107345699384046e-01,1.000000000000000000e+00
-8.402959913980331264e-01,4.712013184927139609e-01,0.000000000000000000e+00
-9.368139348562399826e-01,6.196846690122485013e-01,0.000000000000000000e+00
1.930897557025086364e-01,-2.227262498581102090e-01,1.000000000000000000e+00
2.136840124826054621e-02,3.746971085851362737e-01,1.000000000000000000e+00
8.068280128760806358e-01,3.927987183182328201e-01,0.000000000000000000e+00
9.970026307944341859e-01,4.895953212229220974e-01,0.000000000000000000e+00
1.696726201086039998e+00,-2.332068487099604737e-01,1.000000000000000000e+00
8.339026080526398266e-01,4.221822311979276376e-01,0.000000000000000000e+00
-9.650932248454623386e-01,4.169302716534581954e-01,0.000000000000000000e+00
1.833284529518100614e+00,6.504315544060082499e-02,1.000000000000000000e+00
1.965733315666720493e+00,1.333961074502771904e-01,1.000000000000000000e+00
3.078717153567163134e-01,-1.711963865623509773e-01,1.000000000000000000e+00
-2.978501464941354926e-02,1.030778084289810881e+00,0.000000000000000000e+00
1.941149327025793347e+00,1.390685081365480164e-02,1.000000000000000000e+00
1.243423535581766604e-01,4.082092223389972852e-02,1.000000000000000000e+00
8.279771279529803962e-01,4.922080912428717925e-01,0.000000000000000000e+00
2.079037598753421978e+00,3.638876500494983013e-01,1.000000000000000000e+00
1.826345313819087712e+00,-1.690737454541635931e-01,1.000000000000000000e+00
-8.943935171151392582e-01,4.326334982272234120e-01,0.000000000000000000e+00
-7.693071590363803613e-01,4.265077533003989174e-01,0.000000000000000000e+00
9.366562555625774777e-01,-6.011540381648767806e-01,1.000000000000000000e+00
1.553698194659260734e+00,-4.116559624796400363e-01,1.000000000000000000e+00
1.481928786812404475e+00,-3.645541724429451347e-01,1.000000000000000000e+00
1.980969254012453273e+00,5.933928029017732780e-02,1.000000000000000000e+00
6.618563303465113679e-02,2.522802780888935281e-01,1.000000000000000000e+00
5.032454520206260939e-01,-2.909762436646377570e-01,1.000000000000000000e+00
1.848842417935893379e-01,-3.570599869203314181e-02,1.000000000000000000e+00
1.349603634405567298e+00,-5.816878340902108535e-01,1.000000000000000000e+00
5.112532642957779982e-01,8.720841948569301172e-01,0.000000000000000000e+00
1.972360905489255689e+00,4.660080643020942381e-01,1.000000000000000000e+00
1.915256763828707909e+00,2.216367025740429431e-01,1.000000000000000000e+00
2.446102170534065756e-01,9.591498940593167211e-01,0.000000000000000000e+00
4.085170727267183749e-02,4.081147641327835807e-01,1.000000000000000000e+00
1.933771909062961480e+00,2.069845905944442399e-01,1.000000000000000000e+00
6.658029681617457785e-01,8.174501026869257503e-01,0.000000000000000000e+00
-1.036455906117245584e+00,1.722959059399861714e-01,0.000000000000000000e+00
-7.973809169664813901e-01,7.073475939142951363e-01,0.000000000000000000e+00
8.113077315325796512e-02,4.716036455476946276e-02,1.000000000000000000e+00
-8.579125849403332893e-01,2.852411749623051107e-01,0.000000000000000000e+00
-1.038654922098253275e+00,2.469962366608233761e-01,0.000000000000000000e+00
-8.271906678927873902e-01,4.761797107455205125e-01,0.000000000000000000e+00
-4.703401683540545664e-01,9.621300268197148231e-01,0.000000000000000000e+00
-2.531805876373531272e-01,9.613551379117886153e-01,0.000000000000000000e+00
9.543566556242029097e-01,2.436600262736603739e-01,0.000000000000000000e+00
3.241385660976402461e-01,-2.886717279918261658e-01,1.000000000000000000e+00
-9.580309908867644664e-01,4.333544454790696498e-01,0.000000000000000000e+00
1.410613781790928112e+00,-2.400411394358454853e-01,1.000000000000000000e+00
-4.275054895780356912e-01,9.535842260744309407e-01,0.000000000000000000e+00
-4.835880889696692053e-02,9.389930965276916952e-01,0.000000000000000000e+00
1.125977709725465709e-01,1.565345801743278364e-01,1.000000000000000000e+00
4.737750723117271634e-01,-3.377328546019840450e-01,1.000000000000000000e+00
1.992213825209984357e+00,3.567092688975734838e-01,1.000000000000000000e+00
1.397111754579896781e+00,-4.322856482159902480e-01,1.000000000000000000e+00
1.934404321220815071e+00,2.041660893174437608e-01,1.000000000000000000e+00
2.221830973286861299e-01,9.452043517742798606e-01,0.000000000000000000e+00
9.600794481965828631e-01,2.677550726336497267e-01,0.000000000000000000e+00
4.537814560886339610e-01,9.808517385979049763e-01,0.000000000000000000e+00
-6.159324004173598599e-01,6.892928289984087131e-01,0.000000000000000000e+00
1.651247018247486098e+00,-3.080738278799807217e-01,1.000000000000000000e+00
1.363641071141825645e+00,-4.009212041387020253e-01,1.000000000000000000e+00
-2.569405392495525686e-01,9.823267620038884651e-01,0.000000000000000000e+00
6.785037478491907637e-01,7.765459109332434329e-01,0.000000000000000000e+00
-3.815466782808751844e-03,1.416540391165728441e-01,1.000000000000000000e+00
1.852504183778432401e+00,-6.028902404284734728e-02,1.000000000000000000e+00
-1.810515311385797743e-01,9.930676170489546317e-01,0.000000000000000000e+00
9.937603796699329139e-01,2.603985719038149904e-01,0.000000000000000000e+00
1.018879632630704135e+00,-4.534138763259057403e-01,1.000000000000000000e+00
1.880419073734624469e+00,5.637933792793413390e-02,1.000000000000000000e+00
1.939701045575344063e+00,-4.638645222312814259e-02,1.000000000000000000e+00
4.985310525490888600e-01,8.372461258227056335e-01,0.000000000000000000e+00
-1.027178651556527988e+00,3.156047779434465461e-01,0.000000000000000000e+00
2.410684489323849100e-01,-1.315275547177205684e-01,1.000000000000000000e+00
1.970908021462280724e+00,1.359410768747740250e-01,1.000000000000000000e+00
1.011844086871619419e+00,-5.437728757534099344e-01,1.000000000000000000e+00
9.576862853982458512e-01,2.477630052345610734e-01,0.000000000000000000e+00
3.698812261258284662e-01,-2.849480979084513810e-01,1.000000000000000000e+00
-2.573308024551280160e-01,9.260818433223465540e-01,0.000000000000000000e+00
9.202644463392736229e-01,-5.240878568439143459e-01,1.000000000000000000e+00
2.279795722417399806e-01,9.871928233165524480e-01,0.000000000000000000e+00
8.827292393104664292e-01,-5.213347297214727671e-01,1.000000000000000000e+00
1.880602178099558763e+00,2.362663727425722004e-02,1.000000000000000000e+00
4.199890092108209474e-03,4.721960651500890505e-01,1.000000000000000000e+00
-5.809850733566871428e-01,8.642778300747007147e-01,0.000000000000000000e+00
-9.469822052515048938e-01,1.442189271801729011e-01,0.000000000000000000e+00
4.226823710228987951e-01,8.146425787560287457e-01,0.000000000000000000e+00
-8.548309369473570118e-01,5.138002456782768679e-01,0.000000000000000000e+00
3.183915016041842239e-01,9.975786765017432556e-01,0.000000000000000000e+00
6.332791111382159999e-01,-4.661362070916292843e-01,1.000000000000000000e+00
-9.977150727574861655e-01,2.176506584026081936e-01,0.000000000000000000e+00
-5.910926108965776082e-01,8.146837038548494503e-01,0.000000000000000000e+00
1.016978027986080502e+00,-4.622994450783208809e-01,1.000000000000000000e+00
-9.043417216336393505e-01,1.593178815652011582e-01,0.000000000000000000e+00
-8.715951356936877392e-01,5.682906593972781861e-01,0.000000000000000000e+00
-1.064656943812324341e+00,8.736677210130336380e-02,0.000000000000000000e+00
-9.410500017986643539e-02,3.330682897732011871e-01,1.000000000000000000e+00
8.566839938902082174e-01,4.573964295391001467e-01,0.000000000000000000e+00
5.017924353481490601e-02,1.124223566096422822e-01,1.000000000000000000e+00
2.920852544336232093e-01,1.014860634194904687e+00,0.000000000000000000e+00
5.903959001429293085e-02,3.804112810083930957e-02,1.000000000000000000e+00
8.930607502812718534e-01,4.286221115130941506e-01,0.000000000000000000e+00
1.007428309601489991e+00,-4.952099731976317698e-01,1.000000000000000000e+00
5.762713841412416826e-01,-4.680859497339416864e-01,1.000000000000000000e+00
3.717682922826458514e-01,1.001818040326991399e+00,0.000000000000000000e+00
9.092086684112633543e-01,-4.193268497895649149e-01,1.000000000000000000e+00
9.415124696463538223e-01,1.436328168930124383e-01,0.000000000000000000e+00
1.320457167363304762e+00,-4.141193371300458947e-01,1.000000000000000000e+00
1.535820547686733706e+00,-3.448881179717991352e-01,1.000000000000000000e+00
8.116778495768078860e-01,4.887648428899163400e-01,0.000000000000000000e+00
4.102380249557606717e-01,-2.259356704877356625e-01,1.000000000000000000e+00
-9.677465930106411429e-01,1.934529763676653413e-01,0.000000000000000000e+00
1.454815261254222891e+00,-4.223190452682761276e-01,1.000000000000000000e+00
1.154099016592707860e-02,1.039793682337768199e-02,1.000000000000000000e+00
1.222461441529643783e-02,9.905792514600123555e-01,0.000000000000000000e+00
7.959475506516151544e-01,4.300060603832929207e-01,0.000000000000000000e+00
-7.242049986776604165e-01,7.344849301698482824e-01,0.000000000000000000e+00
-6.181921794996918518e-01,8.450438759284663037e-01,0.000000000000000000e+00
8.705385196338502052e-01,-5.635786973277987499e-01,1.000000000000000000e+00
3.110951370905515323e-03,1.479450989965879204e-01,1.000000000000000000e+00
1.775224421366297323e+00,-2.885619741725995238e-02,1.000000000000000000e+00
-1.373923773966704565e-01,9.882617096134491685e-01,0.000000000000000000e+00
2.031166468727378493e+00,1.845214163128946205e-01,1.000000000000000000e+00
6.031317786076739740e-01,-3.695431547165772823e-01,1.000000000000000000e+00
1.484468349024636868e-01,-9.119308529758529680e-02,1.000000000000000000e+00
-8.622073000390061415e-01,4.490670785820534139e-01,0.000000000000000000e+00
9.563092045342479475e-01,1.294277190369521602e-01,0.000000000000000000e+00
5.621815285062004008e-01,8.115088513214188115e-01,0.000000000000000000e+00
2.823974325720918568e-02,3.443543531715168582e-01,1.000000000000000000e+00
1.948129601265592203e+00,3.428727727774097400e-01,1.000000000000000000e+00
7.944226347660210408e-01,-5.388332277750177424e-01,1.000000000000000000e+00
7.219620252265571136e-02,1.109091720510680529e-02,1.000000000000000000e+00
-4.108744606379082231e-01,8.403771587774238050e-01,0.000000000000000000e+00
1.502994173776743381e+00,-2.754978007646663452e-01,1.000000000000000000e+00
-2.735943323551073281e-01,9.075633545305181737e-01,0.000000000000000000e+00
7.797801828574930649e-01,-5.103755991679640447e-01,1.000000000000000000e+00
1.832189697577299548e+00,-2.016960411151630939e-01,1.000000000000000000e+00
2.935214760014511204e-01,9.623003575705268986e-01,0.000000000000000000e+00
-9.684705989567142792e-01,3.126830619502690145e-01,0.000000000000000000e+00
-3.114008500733601581e-01,9.751868798116032355e-01,0.000000000000000000e+00
6.274262676389290583e-01,8.620465845511702252e-01,0.000000000000000000e+00
1.892540268892084487e+00,-1.634540174782788541e-02,1.000000000000000000e+00
8.471596624765220795e-02,1.011957073639543569e+00,0.000000000000000000e+00
1.614930442574605829e+00,-2.373762992904412394e-01,1.000000000000000000e+00
7.665186126536569500e-01,-4.992202640223381005e-01,1.000000000000000000e+00
1.082075067898029541e+00,-5.349991689625365199e-01,1.000000000000000000e+00
1.099416918378097963e+00,1.105228246028778921e-01,0.000000000000000000e+00
7.347188133632589491e-01,6.481772601369151232e-01,0.000000000000000000e+00
9.158413048811882007e-01,-4.771362945918770082e-01,1.000000000000000000e+00
2.064002091803546879e+00,4.408195991558937488e-01,1.000000000000000000e+00
-4.649201954441485596e-02,5.464517131504321723e-01,1.000000000000000000e+00
1.925902992889689136e+00,3.260827554718194743e-01,1.000000000000000000e+00
6.981490612731533485e-02,1.090319078988298163e+00,0.000000000000000000e+00
9.174679205139092686e-02,3.650689819617535248e-01,1.000000000000000000e+00
-7.468949928812490535e-01,7.307664541216621901e-01,0.000000000000000000e+00
1.379955542822477010e+00,-3.747888734758546003e-01,1.000000000000000000e+00
-2.514906334346558858e-01,9.761285432219425351e-01,0.000000000000000000e+00
6.805001545418799536e-01,-4.762310508127265418e-01,1.000000000000000000e+00
1.451454914062304535e+00,-3.155059061326033754e-01,1.000000000000000000e+00
1.837233226662628116e+00,-6.279251228118405692e-02,1.000000000000000000e+00
-6.152594680453289389e-01,7.680340469187659780e-01,0.000000000000000000e+00
9.687676079940286122e-01,1.025088205571895589e-01,0.000000000000000000e+00
4.719070310836316895e-01,-2.394420761500475336e-01,1.000000000000000000e+00
9.512518647591494680e-01,-5.004950673958213914e-01,1.000000000000000000e+00
-1.702781975212635732e-02,4.535048460398795056e-01,1.000000000000000000e+00
4.167565485477487952e-01,8.884208628919426642e-01,0.000000000000000000e+00
-7.724071232389446706e-01,6.678174394796068114e-01,0.000000000000000000e+00
5.388659483456590404e-01,8.634794067039966992e-01,0.000000000000000000e+00
4.748509456442883692e-01,-3.871816574276990552e-01,1.000000000000000000e+00
-9.441562192625136962e-01,2.930209385001938949e-01,0.000000000000000000e+00
-1.928955967053218312e-02,3.642485571647479659e-01,1.000000000000000000e+00
2.227961305796513358e-01,9.577500917934365088e-01,0.000000000000000000e+00
-8.852353411025773999e-01,6.810085717625866675e-01,0.000000000000000000e+00
-1.062488763120562840e+00,2.086779482096263461e-01,0.000000000000000000e+00
4.341331698100800995e-01,8.429786991984037359e-01,0.000000000000000000e+00
3.652468044171206518e-01,9.360993592007373909e-01,0.000000000000000000e+00
1.604010878513112415e+00,-3.009154477989540721e-01,1.000000000000000000e+00
8.439088433099791731e-01,-4.660580304436630072e-01,1.000000000000000000e+00
-9.682956976818518635e-01,2.649076186838873470e-01,0.000000000000000000e+00
-1.066207356691202479e+00,2.004621397219605305e-02,0.000000000000000000e+00
-3.367414656777196202e-01,9.756114613142720104e-01,0.000000000000000000e+00
4.418963653597426933e-01,-4.092009172285898666e-01,1.000000000000000000e+00
7.414550442892513527e-01,7.149868213754159152e-01,0.000000000000000000e+00
1.053882281216419470e+00,-5.735695333548385122e-01,1.000000000000000000e+00
-2.321777873152001959e-02,9.980046154877951770e-01,0.000000000000000000e+00
-1.831448315989834402e-02,2.977312878550861797e-01,1.000000000000000000e+00
-8.077007062673077220e-01,5.642873549345246431e-01,0.000000000000000000e+00
-1.575807030184113444e-01,1.028477430045828367e+00,0.000000000000000000e+00
-3.360063237374458223e-02,9.972654769676513320e-01,0.000000000000000000e+00
-9.544657767209788757e-01,1.596838025757489621e-01,0.000000000000000000e+00
1.707992234980675761e+00,-1.745641232515665053e-01,1.000000000000000000e+00
5.578352723430423099e-01,-3.852457623547528298e-01,1.000000000000000000e+00
5.859998290885451988e-01,-4.234235272357381730e-01,1.000000000000000000e+00
8.754326054647706967e-02,-9.519324163096472280e-02,1.000000000000000000e+00
-7.827694548165274879e-01,4.282779061045340896e-01,0.000000000000000000e+00
-2.904419802137226947e-01,1.086213641184821332e+00,0.000000000000000000e+00
-6.295480774277324443e-01,7.256144795021626237e-01,0.000000000000000000e+00
6.855630931215900281e-01,6.471668658218071579e-01,0.000000000000000000e+00
-6.195091945548300005e-01,7.905866320274033132e-01,0.000000000000000000e+00
6.218819061097982104e-01,8.541212001630960060e-01,0.000000000000000000e+00
-1.668038895923051185e-02,3.471938712805027749e-01,1.000000000000000000e+00
1.007114237292880549e-01,3.544676742279197212e-02,1.000000000000000000e+00
9.981482578936222705e-01,1.284924557620474861e-01,0.000000000000000000e+00
1.092856612207143974e-01,1.552482241625364190e-01,1.000000000000000000e+00
-6.746025189654261123e-01,7.772900104878507355e-01,0.000000000000000000e+00
7.177295570775712452e-01,-4.637266094217736279e-01,1.000000000000000000e+00
1.260240719510671958e+00,-5.448476472856162989e-01,1.000000000000000000e+00
9.355567423972788177e-02,9.653095701450532529e-01,0.000000000000000000e+00
1.809769522916390372e+00,-1.722813742610894705e-01,1.000000000000000000e+00
1.823455296755866373e+00,-6.955846025408025934e-02,1.000000000000000000e+00
-1.007603521056398055e+00,2.860180119354625017e-01,0.000000000000000000e+00
2.998177305103612578e-01,9.366198029164719552e-01,0.000000000000000000e+00
5.517714387342212978e-01,7.280733313291990472e-01,0.000000000000000000e+00
-7.289762247255672234e-01,6.494919273235307822e-01,0.000000000000000000e+00
-1.075661534432510003e+00,9.802284461620191375e-03,0.000000000000000000e+00
-4.264345564152315915e-01,8.716538723517421872e-01,0.000000000000000000e+00
5.140052734872033180e-02,2.101623380960477572e-01,1.000000000000000000e+00
1.846173121647900928e+00,-4.377727829336926224e-02,1.000000000000000000e+00
-5.789531023091396555e-01,7.300458105246481200e-01,0.000000000000000000e+00
-6.272941182026969820e-01,8.258436014711375561e-01,0.000000000000000000e+00
4.948962461978619887e-01,-3.813584511803528310e-01,1.000000000000000000e+00
-1.035299709415911762e+00,-8.491554446352263252e-02,0.000000000000000000e+00
-9.166065647587068321e-01,3.207402789820593680e-01,0.000000000000000000e+00
1.855777267531137253e+00,-1.552918108932484498e-01,1.000000000000000000e+00
2.026928694265893949e+00,4.905295830008042923e-01,1.000000000000000000e+00
9.566975805459505544e-01,3.885499059899568675e-01,0.000000000000000000e+00
9.178269075983869207e-01,-4.462683059366614469e-01,1.000000000000000000e+00
1.576810387051701845e+00,-3.006186791735361297e-01,1.000000000000000000e+00
5.938167849593728453e-01,-4.286332534859703669e-01,1.000000000000000000e+00
7.034825943327019937e-01,-4.250820251434449526e-01,1.000000000000000000e+00
6.490518357332195620e-01,8.890115985050810465e-01,0.000000000000000000e+00
3.555854570745109466e-01,-2.016703107765802638e-01,1.000000000000000000e+00
1.749418001290791724e-01,1.905373558934979339e-02,1.000000000000000000e+00
1.335692911898317126e-01,9.863971194458056591e-01,0.000000000000000000e+00
8.206499017056041734e-02,1.168204329502853800e-01,1.000000000000000000e+00
1.759200838974006365e+00,-2.752606985463527667e-01,1.000000000000000000e+00
1.659341005166256044e+00,-3.125507644318997746e-01,1.000000000000000000e+00
2.081710724919702271e-01,-7.202505325563393623e-02,1.000000000000000000e+00
-9.199790004456847026e-01,1.894633382174080449e-01,0.000000000000000000e+00
-7.416774923126236985e-01,7.272671820905685092e-01,0.000000000000000000e+00
2.017684995790139713e+00,7.418999272741030881e-02,1.000000000000000000e+00
2.795077727042587501e-01,-1.946076000434507625e-01,1.000000000000000000e+00
5.766197132396027047e-01,-4.021399586234059575e-01,1.000000000000000000e+00
1.054961150255894431e+00,-4.329295847109037032e-01,1.000000000000000000e+00
-4.803417438608921508e-02,1.034890637410002201e+00,0.000000000000000000e+00
5.682243043760126788e-01,7.913504983762503775e-01,0.000000000000000000e+00
1.003582733845074237e+00,1.719044701199708147e-01,0.000000000000000000e+00
9.517765098044259631e-01,2.433649613816505908e-01,0.000000000000000000e+00
-9.638924042729583863e-03,1.068226598878031508e+00,0.000000000000000000e+00
1.992099672396996590e+00,1.518548063308708396e-01,1.000000000000000000e+00
8.314721111669826081e-01,-4.747990723764102250e-01,1.000000000000000000e+00
1.055943619288314039e+00,8.998163108772731789e-02,0.000000000000000000e+00
1.032618031505405876e+00,5.787855305698088454e-02,0.000000000000000000e+00
8.585568972471551152e-01,5.064354640021010434e-01,0.000000000000000000e+00
4.374349387624635876e-01,-2.780875231059121155e-01,1.000000000000000000e+00
1.505773724329295404e-01,-4.536959859524304292e-03,1.000000000000000000e+00
1.020764177748603840e+00,-5.635593979042763380e-01,1.000000000000000000e+00
-3.072004044911708087e-01,9.294851017674784499e-01,0.000000000000000000e+00
1.369215286588819414e+00,-4.636636533784644909e-01,1.000000000000000000e+00
1.136487201751955833e+00,-4.409480787166027427e-01,1.000000000000000000e+00
1.529218660034891819e+00,-4.193988160995186232e-01,1.000000000000000000e+00
2.712433852291316616e-01,8.869195018230977556e-01,0.000000000000000000e+00
9.786165983738184249e-01,3.085819527276180141e-01,0.000000000000000000e+00
7.440767081343266920e-01,-4.728513393999024261e-01,1.000000000000000000e+00
1.508982430304215416e+00,-3.169296198181752455e-01,1.000000000000000000e+00
4.751859993425117112e-01,-3.431080624684140212e-01,1.000000000000000000e+00
1.936214830783541840e+00,2.979100065338986802e-02,1.000000000000000000e+00
7.769466737893708508e-02,9.901814769253375337e-01,0.000000000000000000e+00
1.868493477985024409e+00,2.205950883142383800e-02,1.000000000000000000e+00
-1.247675264466535650e-01,1.010126666230996451e+00,0.000000000000000000e+00
1.012152765412525635e-01,-2.930017335659512029e-02,1.000000000000000000e+00
8.114989972128392459e-01,5.909729812056263576e-01,0.000000000000000000e+00
-6.147991075073994116e-01,8.029038037458254840e-01,0.000000000000000000e+00
3.348960705601052301e-01,-1.571787984913954883e-01,1.000000000000000000e+00
1.287929350348527846e-01,2.299496546010011341e-03,1.000000000000000000e+00
1.226962284796398128e+00,-4.498297525181792489e-01,1.000000000000000000e+00
1.005727099839609506e+00,-4.895617321017911028e-01,1.000000000000000000e+00
-9.434104578381793393e-01,2.678926861339366861e-01,0.000000000000000000e+00
-5.617159793007963087e-01,8.829938811757507278e-01,0.000000000000000000e+00
9.402788085120821204e-01,4.927351929444461209e-01,0.000000000000000000e+00
1.588845577507125073e+00,-2.494956400015113929e-01,1.000000000000000000e+00
2.474766141991447121e-01,-2.072848720390673138e-01,1.000000000000000000e+00
-8.106876300068279750e-01,6.337206557473191726e-01,0.000000000000000000e+00
1.999286355519744429e+00,3.950670546870685973e-01,1.000000000000000000e+00
2.969715143796096135e-01,-2.145905774840208557e-01,1.000000000000000000e+00
2.709781938484117636e-01,1.036119565725546199e+00,0.000000000000000000e+00
6.740156154239161646e-02,2.449076062663830822e-01,1.000000000000000000e+00
-1.648356845685201855e-02,3.374075570781809863e-01,1.000000000000000000e+00
1.902474750268421388e-01,9.251621903843523231e-01,0.000000000000000000e+00
5.700401658408369432e-01,-3.663786523541103235e-01,1.000000000000000000e+00
-7.483900848745010936e-01,7.183940278754642472e-01,0.000000000000000000e+00
-7.890606313633936608e-01,5.527020538872856603e-01,0.000000000000000000e+00
-1.047648845224241176e+00,4.070571218810464797e-02,0.000000000000000000e+00
2.187900778431118576e-01,9.616872621171931312e-01,0.000000000000000000e+00
3.934250364663111760e-02,1.800010987764686932e-01,1.000000000000000000e+00
4.870766777606201359e-01,9.405391137681483604e-01,0.000000000000000000e+00
-3.826923458862497296e-01,1.031235826389022225e+00,0.000000000000000000e+00
-6.459967532695429782e-01,7.482128042059789097e-01,0.000000000000000000e+00
9.053412384058892037e-01,3.543526114586444953e-01,0.000000000000000000e+00
-6.148660454550856080e-01,8.473857394060411163e-01,0.000000000000000000e+00
1.432823457715754201e-01,-2.006132628942650445e-04,1.000000000000000000e+00
9.605262166864693141e-01,2.025703408997821531e-01,0.000000000000000000e+00
-1.030292334416365474e+00,2.858686475197189658e-01,0.000000000000000000e+00
5.258555106684722480e-01,-4.355942452084024530e-01,1.000000000000000000e+00
1.700377548770387881e-01,-1.201331440110273152e-01,1.000000000000000000e+00
-8.412959168142228883e-01,5.570368861150621909e-01,0.000000000000000000e+00
5.642440430371229443e-01,-4.312399028369953702e-01,1.000000000000000000e+00
1.130730230162281247e-01,1.352227223073693418e-01,1.000000000000000000e+00
9.517315800268383308e-01,3.053771050347866001e-01,0.000000000000000000e+00
-2.402490164482837254e-01,1.052306913636201546e+00,0.000000000000000000e+00
3.926343441126677325e-01,9.189704529414013390e-01,0.000000000000000000e+00
1.928628373797803164e+00,-5.243387739864240754e-02,1.000000000000000000e+00
-8.955100972352847410e-01,4.846156692694789658e-01,0.000000000000000000e+00
3.071382362548058173e-02,4.513127676737458405e-01,1.000000000000000000e+00
-8.271581935790847107e-01,6.783880191505594626e-01,0.000000000000000000e+00
6.121416417350807881e-01,7.102628864365710948e-01,0.000000000000000000e+00
5.570974928977492358e-01,7.934698323707345402e-01,0.000000000000000000e+00
1.284081820588575340e+00,-3.594155707022393953e-01,1.000000000000000000e+00
1.944257504015473259e+00,2.101482770388929944e-01,1.000000000000000000e+00
1.406601695928761053e+00,-5.150036714933284854e-01,1.000000000000000000e+00
1.070261240847822259e+00,-4.421061655668470092e-01,1.000000000000000000e+00
1.035607682751475966e+00,-1.251789225925322713e-01,0.000000000000000000e+00
1.291270668320955384e+00,-3.470562026884874696e-01,1.000000000000000000e+00
2.684215685732836976e-01,-1.743370136158295947e-01,1.000000000000000000e+00
1.406432248815849606e+00,-3.144828019342418290e-01,1.000000000000000000e+00
3.875612831049575213e-01,-2.607872738260296197e-01,1.000000000000000000e+00
-4.872104581853563543e-01,1.011197117288604286e+00,0.000000000000000000e+00
1.288828835046963439e-01,-7.884934449640168541e-02,1.000000000000000000e+00
5.817158604927470666e-02,1.061496109754158784e-01,1.000000000000000000e+00
1.621169387091472736e+00,-2.596305560076750396e-01,1.000000000000000000e+00
4.446121946133835268e-02,3.149652172544521456e-01,1.000000000000000000e+00
1.381059413346645837e+00,-4.628133472772831825e-01,1.000000000000000000e+00
-1.321964472189868789e-01,9.869288726212753771e-01,0.000000000000000000e+00
-1.330839966772821500e-02,3.629931053089711090e-01,1.000000000000000000e+00
